invoice_number,invoice_date,due_date,seller_name,seller_address,seller_udyam_id,seller_email,seller_phone,seller_enterprise_size,seller_business_type,seller_enterprise_type,seller_gstin,seller_bank_account,seller_ifsc,seller_msme_scheme,buyer_name,buyer_address,buyer_contact_email,buyer_phone,buyer_gstin,subtotal,gst_rate,cgst,sgst,igst,invoice_amount,payment_terms,transport_mode,vehicle_number,eway_bill_no,po_number,delivery_date,place_of_supply
TAX-2025-0001,14-05-2023,13-06-2023,Mani Fabricators,"90, Phase 2, Ludhiana, PB - 141003",UDYAM-PB-03-0090123,mani.fab@gmail.com,9745345678,Micro,Manufacturing,Cooperative,GSTIN03AABCP8901X1ZX,SB A/C 890123456789,PUNB0008901,PMEGP,Prime Builders India,"60, Sector 18, Noida, UP - 201301",procurement@primebuild.in,0120-6789012,GSTIN09BBBC7890Q1ZX,21150,5,0,0,1057.5,22207.5,Net 30 Days,Courier,TN26AB5363,N/A,PO-2505,23-05-2023,Noida
TXN-2024-0002,23-11-2025,23-12-2025,Anand Carpentry Works,"15, Furniture Nagar, Erode, TN - 638001",UDYAM-TN-11-0055678,anand.carpentry@gmail.com,9812890123,Micro,Manufacturing,Partnership,GSTIN33AABCP3456C2ZX,SB A/C 345678902345,IOB00013456,MUDRA Loan,DeepSea Trading,"28, Port Area, Kochi, KL - 682001",deepsea.trading@gmail.com,0484-9012345,GSTIN32BBBC0123T1ZX,159500,18,0,0,28710.0,188210.0,Net 30 Days,Rail,TN38AB2539,EWB28116766,PO-8900,04-12-2025,Kochi
TXN-2022-0003,19-08-2023,19-08-2023,Arjun Textiles Pvt Ltd,"12, Gandhi Nagar, Coimbatore, TN - 641001",UDYAM-TN-07-0012345,arjun.textiles@gmail.com,9876543210,Micro,Manufacturing,Partnership,GSTIN33AABCP1234Q1ZX,SB A/C 123456789012,SBIN0001234,CGTMSE,Coastal Commodities,"7, Harbour Lane, Mangaluru, KA - 575001",coastal.comm@gmail.com,0824-456789,GSTIN29BBBC4568X1ZX,21150,12,0,0,2538.0,23688.0,Immediate,Own Vehicle,TN59AB2335,EWB31521979,PO-7099,05-09-2023,Mangaluru
BILL-2022-0004,23-02-2023,23-02-2023,Mani Fabricators,"90, Phase 2, Ludhiana, PB - 141003",UDYAM-PB-03-0090123,mani.fab@gmail.com,9745345678,Micro,Manufacturing,LLP,GSTIN03AABCP8901X1ZX,SB A/C 890123456789,PUNB0008901,PMEGP,Prime Builders India,"60, Sector 18, Noida, UP - 201301",procurement@primebuild.in,0120-6789012,GSTIN09BBBC7890Q1ZX,154100,12,0,0,18492.0,172592.0,Immediate,Courier,N/A,EWB87656198,N/A,01-03-2023,Noida
INV-2022-0005,08-10-2024,07-11-2024,Balaji Food Industries,"34, SIDCO Industrial Area, Tirunelveli, TN-627002",UDYAM-TN-29-0089012,balaji.food@gmail.com,9856234567,Small,Manufacturing,Cooperative,GSTIN33AABCP7890W1ZX,SB A/C 789012345678,CNRB0007890,None,Delta Infra Solutions,"52, IT Park, Gurugram, HR - 122001",delta.infra@gmail.com,0124-567890,GSTIN06BBBC5679Y1ZX,97250,12,0,0,11670.0,108920.0,50% Advance + 50% on Delivery,Courier,TN39AB4331,N/A,PO-9505,20-10-2024,Gurugram
MSME-2025-0006,10-01-2024,24-02-2024,Mani Fabricators,"90, Phase 2, Ludhiana, PB - 141003",UDYAM-PB-03-0090123,mani.fab@gmail.com,9745345678,Micro,Manufacturing,LLP,GSTIN03AABCP8901X1ZX,SB A/C 890123456789,PUNB0008901,None,Delta Infra Solutions,"52, IT Park, Gurugram, HR - 122001",delta.infra@gmail.com,0124-567890,GSTIN06BBBC5679Y1ZX,236000,18,0,0,42480.0,278480.0,Net 45 Days,Road,TN82AB7043,N/A,PO-5103,19-01-2024,Gurugram
TXN-2025-0007,16-10-2025,15-11-2025,Arjun Textiles Pvt Ltd,"12, Gandhi Nagar, Coimbatore, TN - 641001",UDYAM-TN-07-0012345,arjun.textiles@gmail.com,9876543210,Micro,Manufacturing,Partnership,GSTIN33AABCP1234Q1ZX,SB A/C 123456789012,SBIN0001234,Udyog Aadhaar,FreshMart Supermarkets,"88, Ring Road, Delhi, DL - 110044",supply@freshmart.in,011-34567890,GSTIN07BBBC4567N1ZX,122250,18,0,0,22005.0,144255.0,Net 30 Days,Rail,TN20AB8455,EWB72171854,N/A,23-10-2025,Delhi
TXN-2024-0008,28-06-2023,28-07-2023,Priya Steel Works,"45, Industrial Estate, Pune, MH - 411019",UDYAM-MH-12-0034567,priya.steel@outlook.com,9823456789,Small,Manufacturing,Proprietorship,GSTIN27AABCP2345R1ZX,SB A/C 234567890123,PUNB0002345,PMEGP,Greenleaf Agro Traders,"71, Agro Complex, Nashik, MH - 422001",greenleaf.agro@gmail.com,0253-1234567,GSTIN27BBBC1235U1ZX,154100,18,0,0,27738.0,181838.0,Net 30 Days,Courier,N/A,EWB28314251,PO-4759,03-07-2023,Nashik
MSME-2023-0009,07-02-2022,09-03-2022,Meena Handicrafts,"56, Handicraft Zone, Jaipur, RJ - 302001",UDYAM-RJ-08-0033456,meena.craft@gmail.com,9845678901,Micro,Manufacturing,Partnership,GSTIN08AABCP1234A2ZX,SB A/C 123456780123,RBIS0011234,None,National Distributors Ltd,"22, Commercial Street, Bengaluru, KA-560027",orders@nationaldist.com,080-23456789,GSTIN29BBBC3456M1ZX,122250,5,0,0,6112.5,128362.5,Net 30 Days,Road,TN74AB2354,EWB59256495,N/A,14-02-2022,Bengaluru
TAX-2024-0010,18-08-2022,17-09-2022,Priya Steel Works,"45, Industrial Estate, Pune, MH - 411019",UDYAM-MH-12-0034567,priya.steel@outlook.com,9823456789,Small,Manufacturing,Cooperative,GSTIN27AABCP2345R1ZX,SB A/C 234567890123,PUNB0002345,MUDRA Loan,Prime Builders India,"60, Sector 18, Noida, UP - 201301",procurement@primebuild.in,0120-6789012,GSTIN09BBBC7890Q1ZX,73100,18,0,0,13158.0,86258.0,50% Advance + 50% on Delivery,Road,N/A,N/A,PO-6406,05-09-2022,Noida
TXN-2023-0011,29-10-2024,13-11-2024,Mani Fabricators,"90, Phase 2, Ludhiana, PB - 141003",UDYAM-PB-03-0090123,mani.fab@gmail.com,9745345678,Micro,Manufacturing,Cooperative,GSTIN03AABCP8901X1ZX,SB A/C 890123456789,PUNB0008901,CGTMSE,Bharat Industrial Supply,"33, GIDC Estate, Ahmedabad, GJ - 380024",purchase@bharatind.com,079-45678901,GSTIN24BBBC5678O1ZX,92100,5,0,0,4605.0,96705.0,Net 15 Days,Rail,N/A,EWB85498410,PO-5457,09-11-2024,Ahmedabad
TXN-2023-0012,21-04-2022,05-06-2022,Ravi Chemicals,"99, Chemical Park, Vadodara, GJ - 390007",UDYAM-GJ-10-0044567,ravi.chem@outlook.com,9823789012,Medium,Manufacturing,Private Limited,GSTIN24AABCP2345B2ZX,SB A/C 234567891234,SBIN0012345,CGTMSE,Horizon Pharma Dist.,"36, Med City, Hyderabad, TS - 500072",horizon.pharma@gmail.com,040-2345678,GSTIN36BBBC2346V1ZX,73100,5,0,0,3655.0,76755.0,Net 45 Days,Own Vehicle,TN69AB3620,N/A,PO-6415,06-05-2022,Hyderabad
BILL-2022-0013,06-03-2022,20-04-2022,Kumar Printing Press,"8, Press Colony, Coimbatore, TN - 641018",UDYAM-TN-14-0021234,kumar.press@gmail.com,9734456789,Micro,Services,Partnership,GSTIN33AABCP9012I2ZX,SB A/C 901234568901,IOBA0019012,None,Delta Infra Solutions,"52, IT Park, Gurugram, HR - 122001",delta.infra@gmail.com,0124-567890,GSTIN06BBBC5679Y1ZX,21150,5,0,0,1057.5,22207.5,Net 45 Days,Rail,N/A,EWB77165081,PO-3732,13-03-2022,Gurugram
TAX-2022-0014,30-05-2023,29-06-2023,Lakshmi Plastics Industries,"23, Anna Salai, Chennai, TN - 600002",UDYAM-TN-04-0056789,lakshmiplastics@gmail.com,9745612345,Small,Manufacturing,Private Limited,GSTIN33AABCP4567T1ZX,SB A/C 456789012345,ICIC0004567,CGTMSE,Apex Manufacturing Co.,"77, Industrial Hub, Nagpur, MH - 440018",apex.mfg@gmail.com,0712-7890123,GSTIN27BBBC8901R1ZX,236000,12,0,0,28320.0,264320.0,Net 30 Days,Road,N/A,EWB21279519,PO-1434,07-06-2023,Nagpur
BILL-2022-0015,15-07-2023,29-08-2023,Lakshmi Plastics Industries,"23, Anna Salai, Chennai, TN - 600002",UDYAM-TN-04-0056789,lakshmiplastics@gmail.com,9745612345,Small,Manufacturing,Proprietorship,GSTIN33AABCP4567T1ZX,SB A/C 456789012345,ICIC0004567,Udyog Aadhaar,Coastal Commodities,"7, Harbour Lane, Mangaluru, KA - 575001",coastal.comm@gmail.com,0824-456789,GSTIN29BBBC4568X1ZX,58000,18,0,0,10440.0,68440.0,Net 45 Days,Air,TN94AB4875,N/A,PO-7548,03-08-2023,Mangaluru
BILL-2024-0016,03-12-2025,18-12-2025,Lakshmi Plastics Industries,"23, Anna Salai, Chennai, TN - 600002",UDYAM-TN-04-0056789,lakshmiplastics@gmail.com,9745612345,Small,Manufacturing,Partnership,GSTIN33AABCP4567T1ZX,SB A/C 456789012345,ICIC0004567,None,Skyline Retailers,"19, MG Road, Pune, MH - 411001",skyline.retail@gmail.com,020-3456789,GSTIN27BBBC3457W1ZX,136700,12,0,0,16404.0,153104.0,Net 15 Days,Air,N/A,EWB86811310,PO-8219,11-12-2025,Pune
MSME-2023-0017,18-12-2022,01-02-2023,Kavya Pharmaceuticals,"33, Pharma Park, Ahmedabad, GJ - 380054",UDYAM-GJ-01-0088901,kavya.pharma@gmail.com,9867123456,Medium,Manufacturing,LLP,GSTIN24AABCP6789F2ZX,SB A/C 678901235678,HDFC0016789,CGTMSE,Mega-Retail Corp,"100, Business Park, Mumbai, MH - 400001",contact@megaretail.com,022-45678901,GSTIN27BBBC1234K1ZX,129900,5,0,0,6495.0,136395.0,Net 45 Days,Courier,TN76AB4498,EWB95285964,N/A,29-12-2022,Mumbai
MSME-2024-0018,28-11-2023,12-01-2024,Arjun Textiles Pvt Ltd,"12, Gandhi Nagar, Coimbatore, TN - 641001",UDYAM-TN-07-0012345,arjun.textiles@gmail.com,9876543210,Micro,Manufacturing,Proprietorship,GSTIN33AABCP1234Q1ZX,SB A/C 123456789012,SBIN0001234,PMEGP,National Distributors Ltd,"22, Commercial Street, Bengaluru, KA-560027",orders@nationaldist.com,080-23456789,GSTIN29BBBC3456M1ZX,159500,12,0,0,19140.0,178640.0,Net 45 Days,Rail,TN95AB1120,N/A,PO-7678,13-12-2023,Bengaluru
TXN-2023-0019,18-02-2025,04-04-2025,Nithya Garments,"5, Textile Market, Surat, GJ - 395003",UDYAM-GJ-24-0078901,nithya.garments@gmail.com,9867123456,Micro,Manufacturing,Cooperative,GSTIN24AABCP6789V1ZX,SB A/C 678901234567,BARB0006789,CGTMSE,FreshMart Supermarkets,"88, Ring Road, Delhi, DL - 110044",supply@freshmart.in,011-34567890,GSTIN07BBBC4567N1ZX,176800,5,0,0,8840.0,185640.0,Net 45 Days,Own Vehicle,N/A,EWB72460863,N/A,24-02-2025,Delhi
TXN-2025-0020,28-07-2025,11-09-2025,Priya Steel Works,"45, Industrial Estate, Pune, MH - 411019",UDYAM-MH-12-0034567,priya.steel@outlook.com,9823456789,Small,Manufacturing,Partnership,GSTIN27AABCP2345R1ZX,SB A/C 234567890123,PUNB0002345,None,DeepSea Trading,"28, Port Area, Kochi, KL - 682001",deepsea.trading@gmail.com,0484-9012345,GSTIN32BBBC0123T1ZX,97250,5,0,0,4862.5,102112.5,Net 45 Days,Air,TN17AB5799,EWB80763405,PO-1613,05-08-2025,Kochi
TAX-2025-0021,30-07-2022,14-08-2022,Sharma Construction Materials,"55, Building Zone, Jaipur, RJ - 302016",UDYAM-RJ-13-0032345,sharma.const@gmail.com,9867567890,Small,Trading,Proprietorship,GSTIN08AABCP0123J2ZX,SB A/C 012345679012,CBIN0020123,Udyog Aadhaar,Sunrise Wholesalers,"15, Market Road, Kolkata, WB - 700013",sunrise.ws@gmail.com,033-56789012,GSTIN19BBBC6789P1ZX,97250,5,0,0,4862.5,102112.5,Net 15 Days,Own Vehicle,TN59AB1923,EWB18678997,PO-5451,09-08-2022,Kolkata
BILL-2025-0022,07-01-2023,06-02-2023,Devi Paper Mills,"44, Paper Mill Road, Vapi, GJ - 396191",UDYAM-GJ-20-0066789,devi.paper@gmail.com,9745901234,Small,Manufacturing,LLP,GSTIN24AABCP4567D2ZX,SB A/C 456789013456,UTIB0014567,PMEGP,Apex Manufacturing Co.,"77, Industrial Hub, Nagpur, MH - 440018",apex.mfg@gmail.com,0712-7890123,GSTIN27BBBC8901R1ZX,129900,12,0,0,15588.0,145488.0,Net 30 Days,Courier,N/A,EWB24463043,PO-9812,19-01-2023,Nagpur
BILL-2023-0023,15-03-2023,15-03-2023,Devi Paper Mills,"44, Paper Mill Road, Vapi, GJ - 396191",UDYAM-GJ-20-0066789,devi.paper@gmail.com,9745901234,Small,Manufacturing,Cooperative,GSTIN24AABCP4567D2ZX,SB A/C 456789013456,UTIB0014567,None,FreshMart Supermarkets,"88, Ring Road, Delhi, DL - 110044",supply@freshmart.in,011-34567890,GSTIN07BBBC4567N1ZX,58000,18,0,0,10440.0,68440.0,Immediate,Rail,N/A,N/A,PO-5468,25-03-2023,Delhi
BILL-2024-0024,09-02-2023,11-03-2023,Ganesh Rubber Products,"77, Rubber Park, Kottayam, KL - 686001",UDYAM-KL-06-0077890,ganesh.rubber@gmail.com,9734012345,Small,Manufacturing,LLP,GSTIN32AABCP5678E2ZX,SB A/C 567890124567,FDRL0015678,PMEGP,Prime Builders India,"60, Sector 18, Noida, UP - 201301",procurement@primebuild.in,0120-6789012,GSTIN09BBBC7890Q1ZX,273200,5,0,0,13660.0,286860.0,50% Advance + 50% on Delivery,Own Vehicle,TN78AB4775,EWB94063644,PO-1243,01-03-2023,Noida
INV-2025-0025,22-03-2023,22-03-2023,Lakshmi Plastics Industries,"23, Anna Salai, Chennai, TN - 600002",UDYAM-TN-04-0056789,lakshmiplastics@gmail.com,9745612345,Small,Manufacturing,Proprietorship,GSTIN33AABCP4567T1ZX,SB A/C 456789012345,ICIC0004567,CGTMSE,Kalyan Exports,"44, Harbour Road, Chennai, TN - 600001",kalyan.exports@gmail.com,044-89012345,GSTIN33BBBC9012S1ZX,92100,5,0,0,4605.0,96705.0,Immediate,Air,N/A,N/A,PO-4091,03-04-2023,Chennai
TXN-2023-0026,23-12-2025,22-01-2026,Suresh Engineering Works,"67, MG Road, Bengaluru, KA - 560001",UDYAM-KA-18-0067890,suresh.eng@gmail.com,9734512345,Medium,Manufacturing,Private Limited,GSTIN29AABCP5678U1ZX,SB A/C 567890123456,AXIS0005678,PMEGP,Kalyan Exports,"44, Harbour Road, Chennai, TN - 600001",kalyan.exports@gmail.com,044-89012345,GSTIN33BBBC9012S1ZX,236000,5,0,0,11800.0,247800.0,Net 30 Days,Own Vehicle,TN27AB3635,N/A,PO-5529,02-01-2026,Chennai
MSME-2025-0027,19-07-2025,18-08-2025,Karthik Electronics,"78, Electronics City, Chennai, TN - 600119",UDYAM-TN-22-0022345,karthik.elec@gmail.com,9867567890,Small,Manufacturing,Cooperative,GSTIN33AABCP0123Z1ZX,SB A/C 012345678901,KKBK0010123,Udyog Aadhaar,TechnoTrade Solutions,"55, Cyber Tower, Hyderabad, TS - 500081",procurement@technotrade.in,040-67890123,GSTIN36BBBC2345L1ZX,176800,12,0,0,21216.0,198016.0,Net 30 Days,Rail,TN29AB5595,N/A,N/A,08-08-2025,Hyderabad
INV-2023-0028,14-02-2022,16-03-2022,Mani Fabricators,"90, Phase 2, Ludhiana, PB - 141003",UDYAM-PB-03-0090123,mani.fab@gmail.com,9745345678,Micro,Manufacturing,Cooperative,GSTIN03AABCP8901X1ZX,SB A/C 890123456789,PUNB0008901,None,Bharat Industrial Supply,"33, GIDC Estate, Ahmedabad, GJ - 380024",purchase@bharatind.com,079-45678901,GSTIN24BBBC5678O1ZX,92100,5,0,0,4605.0,96705.0,Net 30 Days,Own Vehicle,TN68AB3612,EWB14941379,N/A,23-02-2022,Ahmedabad
BILL-2023-0029,24-11-2024,24-11-2024,Kavya Pharmaceuticals,"33, Pharma Park, Ahmedabad, GJ - 380054",UDYAM-GJ-01-0088901,kavya.pharma@gmail.com,9867123456,Medium,Manufacturing,LLP,GSTIN24AABCP6789F2ZX,SB A/C 678901235678,HDFC0016789,Udyog Aadhaar,DeepSea Trading,"28, Port Area, Kochi, KL - 682001",deepsea.trading@gmail.com,0484-9012345,GSTIN32BBBC0123T1ZX,176800,12,0,0,21216.0,198016.0,Immediate,Own Vehicle,N/A,EWB21888378,PO-1029,09-12-2024,Kochi
INV-2024-0030,25-06-2025,09-08-2025,Balaji Food Industries,"34, SIDCO Industrial Area, Tirunelveli, TN-627002",UDYAM-TN-29-0089012,balaji.food@gmail.com,9856234567,Small,Manufacturing,Partnership,GSTIN33AABCP7890W1ZX,SB A/C 789012345678,CNRB0007890,Udyog Aadhaar,Bharat Industrial Supply,"33, GIDC Estate, Ahmedabad, GJ - 380024",purchase@bharatind.com,079-45678901,GSTIN24BBBC5678O1ZX,129900,5,0,0,6495.0,136395.0,Net 45 Days,Air,TN72AB5969,EWB36248943,PO-8064,10-07-2025,Ahmedabad
BILL-2023-0031,13-03-2024,12-04-2024,Meena Handicrafts,"56, Handicraft Zone, Jaipur, RJ - 302001",UDYAM-RJ-08-0033456,meena.craft@gmail.com,9845678901,Micro,Manufacturing,Private Limited,GSTIN08AABCP1234A2ZX,SB A/C 123456780123,RBIS0011234,TReDS,Mega-Retail Corp,"100, Business Park, Mumbai, MH - 400001",contact@megaretail.com,022-45678901,GSTIN27BBBC1234K1ZX,159500,18,0,0,28710.0,188210.0,Net 30 Days,Own Vehicle,TN34AB7971,EWB93823244,N/A,20-03-2024,Mumbai
MSME-2024-0032,05-06-2023,20-07-2023,Priya Steel Works,"45, Industrial Estate, Pune, MH - 411019",UDYAM-MH-12-0034567,priya.steel@outlook.com,9823456789,Small,Manufacturing,Cooperative,GSTIN27AABCP2345R1ZX,SB A/C 234567890123,PUNB0002345,MUDRA Loan,Delta Infra Solutions,"52, IT Park, Gurugram, HR - 122001",delta.infra@gmail.com,0124-567890,GSTIN06BBBC5679Y1ZX,73100,18,0,0,13158.0,86258.0,Net 45 Days,Air,TN49AB5038,EWB30676893,PO-2252,11-06-2023,Gurugram
TAX-2022-0033,23-05-2023,22-06-2023,Suresh Engineering Works,"67, MG Road, Bengaluru, KA - 560001",UDYAM-KA-18-0067890,suresh.eng@gmail.com,9734512345,Medium,Manufacturing,Proprietorship,GSTIN29AABCP5678U1ZX,SB A/C 567890123456,AXIS0005678,Udyog Aadhaar,Mega-Retail Corp,"100, Business Park, Mumbai, MH - 400001",contact@megaretail.com,022-45678901,GSTIN27BBBC1234K1ZX,159500,18,0,0,28710.0,188210.0,Net 30 Days,Road,TN52AB4549,N/A,N/A,26-05-2023,Mumbai
MSME-2023-0034,12-01-2024,12-01-2024,Vijay Auto Parts,"11, Auto Nagar, Vijayawada, AP - 520007",UDYAM-AP-19-0011234,vijayautoparts@gmail.com,9734456789,Small,Trading,Private Limited,GSTIN37AABCP9012Y1ZX,SB A/C 901234567890,ANDBA009012,PMEGP,FreshMart Supermarkets,"88, Ring Road, Delhi, DL - 110044",supply@freshmart.in,011-34567890,GSTIN07BBBC4567N1ZX,92100,5,0,0,4605.0,96705.0,Immediate,Road,N/A,EWB82164920,PO-3293,17-01-2024,Delhi
TAX-2023-0035,24-07-2024,23-08-2024,Devi Paper Mills,"44, Paper Mill Road, Vapi, GJ - 396191",UDYAM-GJ-20-0066789,devi.paper@gmail.com,9745901234,Small,Manufacturing,Proprietorship,GSTIN24AABCP4567D2ZX,SB A/C 456789013456,UTIB0014567,PMEGP,Mega-Retail Corp,"100, Business Park, Mumbai, MH - 400001",contact@megaretail.com,022-45678901,GSTIN27BBBC1234K1ZX,236000,18,0,0,42480.0,278480.0,Net 30 Days,Air,TN53AB6267,N/A,PO-7705,27-07-2024,Mumbai
TXN-2022-0036,31-08-2024,15-10-2024,Meena Handicrafts,"56, Handicraft Zone, Jaipur, RJ - 302001",UDYAM-RJ-08-0033456,meena.craft@gmail.com,9845678901,Micro,Manufacturing,LLP,GSTIN08AABCP1234A2ZX,SB A/C 123456780123,RBIS0011234,PMEGP,Bharat Industrial Supply,"33, GIDC Estate, Ahmedabad, GJ - 380024",purchase@bharatind.com,079-45678901,GSTIN24BBBC5678O1ZX,176800,5,0,0,8840.0,185640.0,Net 45 Days,Courier,TN59AB6159,N/A,PO-2345,09-09-2024,Ahmedabad
INV-2024-0037,14-04-2022,29-04-2022,Kavya Pharmaceuticals,"33, Pharma Park, Ahmedabad, GJ - 380054",UDYAM-GJ-01-0088901,kavya.pharma@gmail.com,9867123456,Medium,Manufacturing,Private Limited,GSTIN24AABCP6789F2ZX,SB A/C 678901235678,HDFC0016789,PMEGP,TechnoTrade Solutions,"55, Cyber Tower, Hyderabad, TS - 500081",procurement@technotrade.in,040-67890123,GSTIN36BBBC2345L1ZX,96200,12,0,0,11544.0,107744.0,Net 15 Days,Road,N/A,EWB59693250,N/A,17-04-2022,Hyderabad
BILL-2024-0038,29-03-2022,13-04-2022,Kumar Printing Press,"8, Press Colony, Coimbatore, TN - 641018",UDYAM-TN-14-0021234,kumar.press@gmail.com,9734456789,Micro,Services,Partnership,GSTIN33AABCP9012I2ZX,SB A/C 901234568901,IOBA0019012,PMEGP,Skyline Retailers,"19, MG Road, Pune, MH - 411001",skyline.retail@gmail.com,020-3456789,GSTIN27BBBC3457W1ZX,122250,12,0,0,14670.0,136920.0,Net 15 Days,Courier,TN65AB5634,EWB75589704,PO-3668,09-04-2022,Pune
TAX-2022-0039,14-01-2024,13-02-2024,Priya Steel Works,"45, Industrial Estate, Pune, MH - 411019",UDYAM-MH-12-0034567,priya.steel@outlook.com,9823456789,Small,Manufacturing,Private Limited,GSTIN27AABCP2345R1ZX,SB A/C 234567890123,PUNB0002345,None,Sunrise Wholesalers,"15, Market Road, Kolkata, WB - 700013",sunrise.ws@gmail.com,033-56789012,GSTIN19BBBC6789P1ZX,97250,12,0,0,11670.0,108920.0,50% Advance + 50% on Delivery,Air,N/A,EWB71961597,N/A,19-01-2024,Kolkata
MSME-2024-0040,15-10-2024,14-11-2024,Priya Steel Works,"45, Industrial Estate, Pune, MH - 411019",UDYAM-MH-12-0034567,priya.steel@outlook.com,9823456789,Small,Manufacturing,Partnership,GSTIN27AABCP2345R1ZX,SB A/C 234567890123,PUNB0002345,MUDRA Loan,Bharat Industrial Supply,"33, GIDC Estate, Ahmedabad, GJ - 380024",purchase@bharatind.com,079-45678901,GSTIN24BBBC5678O1ZX,21150,18,0,0,3807.0,24957.0,Net 30 Days,Road,N/A,EWB62474824,N/A,23-10-2024,Ahmedabad
TXN-2022-0041,21-07-2022,21-07-2022,Sree Ceramics,"60, Pottery Lane, Khurja, UP - 203131",UDYAM-UP-40-0010123,sree.ceramics@gmail.com,9745345678,Small,Manufacturing,Private Limited,GSTIN09AABCP8901H2ZX,SB A/C 890123457890,BKID0018901,TReDS,Horizon Pharma Dist.,"36, Med City, Hyderabad, TS - 500072",horizon.pharma@gmail.com,040-2345678,GSTIN36BBBC2346V1ZX,236000,5,0,0,11800.0,247800.0,Immediate,Rail,TN65AB7243,EWB76849352,PO-5318,02-08-2022,Hyderabad
MSME-2024-0042,16-02-2023,16-02-2023,Kumar Printing Press,"8, Press Colony, Coimbatore, TN - 641018",UDYAM-TN-14-0021234,kumar.press@gmail.com,9734456789,Micro,Services,Cooperative,GSTIN33AABCP9012I2ZX,SB A/C 901234568901,IOBA0019012,None,Skyline Retailers,"19, MG Road, Pune, MH - 411001",skyline.retail@gmail.com,020-3456789,GSTIN27BBBC3457W1ZX,136700,5,0,0,6835.0,143535.0,Immediate,Road,TN15AB7785,EWB33395328,PO-5244,24-02-2023,Pune
BILL-2024-0043,08-08-2025,08-08-2025,Lakshmi Plastics Industries,"23, Anna Salai, Chennai, TN - 600002",UDYAM-TN-04-0056789,lakshmiplastics@gmail.com,9745612345,Small,Manufacturing,Private Limited,GSTIN33AABCP4567T1ZX,SB A/C 456789012345,ICIC0004567,None,Coastal Commodities,"7, Harbour Lane, Mangaluru, KA - 575001",coastal.comm@gmail.com,0824-456789,GSTIN29BBBC4568X1ZX,159500,5,0,0,7975.0,167475.0,Immediate,Rail,N/A,N/A,PO-4909,14-08-2025,Mangaluru
TXN-2023-0044,30-06-2025,30-07-2025,Sree Ceramics,"60, Pottery Lane, Khurja, UP - 203131",UDYAM-UP-40-0010123,sree.ceramics@gmail.com,9745345678,Small,Manufacturing,Partnership,GSTIN09AABCP8901H2ZX,SB A/C 890123457890,BKID0018901,PMEGP,Bharat Industrial Supply,"33, GIDC Estate, Ahmedabad, GJ - 380024",purchase@bharatind.com,079-45678901,GSTIN24BBBC5678O1ZX,159500,5,0,0,7975.0,167475.0,50% Advance + 50% on Delivery,Road,TN99AB9431,N/A,PO-1647,12-07-2025,Ahmedabad
TXN-2025-0045,12-11-2023,12-12-2023,Lakshmi Plastics Industries,"23, Anna Salai, Chennai, TN - 600002",UDYAM-TN-04-0056789,lakshmiplastics@gmail.com,9745612345,Small,Manufacturing,Private Limited,GSTIN33AABCP4567T1ZX,SB A/C 456789012345,ICIC0004567,TReDS,Kalyan Exports,"44, Harbour Road, Chennai, TN - 600001",kalyan.exports@gmail.com,044-89012345,GSTIN33BBBC9012S1ZX,73100,5,0,0,3655.0,76755.0,50% Advance + 50% on Delivery,Own Vehicle,TN69AB3303,EWB83071248,PO-1882,27-11-2023,Chennai
BILL-2024-0046,08-04-2023,23-05-2023,Suresh Engineering Works,"67, MG Road, Bengaluru, KA - 560001",UDYAM-KA-18-0067890,suresh.eng@gmail.com,9734512345,Medium,Manufacturing,LLP,GSTIN29AABCP5678U1ZX,SB A/C 567890123456,AXIS0005678,None,Skyline Retailers,"19, MG Road, Pune, MH - 411001",skyline.retail@gmail.com,020-3456789,GSTIN27BBBC3457W1ZX,92100,12,0,0,11052.0,103152.0,Net 45 Days,Air,TN59AB7646,N/A,N/A,21-04-2023,Pune
MSME-2024-0047,20-05-2023,19-06-2023,Nithya Garments,"5, Textile Market, Surat, GJ - 395003",UDYAM-GJ-24-0078901,nithya.garments@gmail.com,9867123456,Micro,Manufacturing,Cooperative,GSTIN24AABCP6789V1ZX,SB A/C 678901234567,BARB0006789,Udyog Aadhaar,Horizon Pharma Dist.,"36, Med City, Hyderabad, TS - 500072",horizon.pharma@gmail.com,040-2345678,GSTIN36BBBC2346V1ZX,96200,12,0,0,11544.0,107744.0,50% Advance + 50% on Delivery,Courier,TN56AB2325,EWB67267684,N/A,01-06-2023,Hyderabad
INV-2025-0048,01-12-2025,15-01-2026,Suresh Engineering Works,"67, MG Road, Bengaluru, KA - 560001",UDYAM-KA-18-0067890,suresh.eng@gmail.com,9734512345,Medium,Manufacturing,Cooperative,GSTIN29AABCP5678U1ZX,SB A/C 567890123456,AXIS0005678,Udyog Aadhaar,Prime Builders India,"60, Sector 18, Noida, UP - 201301",procurement@primebuild.in,0120-6789012,GSTIN09BBBC7890Q1ZX,136700,12,0,0,16404.0,153104.0,Net 45 Days,Own Vehicle,TN86AB8208,N/A,PO-6659,06-12-2025,Noida
TXN-2025-0049,19-02-2024,20-03-2024,Lakshmi Plastics Industries,"23, Anna Salai, Chennai, TN - 600002",UDYAM-TN-04-0056789,lakshmiplastics@gmail.com,9745612345,Small,Manufacturing,Proprietorship,GSTIN33AABCP4567T1ZX,SB A/C 456789012345,ICIC0004567,PMEGP,Mega-Retail Corp,"100, Business Park, Mumbai, MH - 400001",contact@megaretail.com,022-45678901,GSTIN27BBBC1234K1ZX,58000,18,0,0,10440.0,68440.0,Net 30 Days,Air,TN34AB2973,N/A,PO-1193,04-03-2024,Mumbai
INV-2023-0050,31-12-2025,31-12-2025,Ravi Chemicals,"99, Chemical Park, Vadodara, GJ - 390007",UDYAM-GJ-10-0044567,ravi.chem@outlook.com,9823789012,Medium,Manufacturing,Partnership,GSTIN24AABCP2345B2ZX,SB A/C 234567891234,SBIN0012345,None,Greenleaf Agro Traders,"71, Agro Complex, Nashik, MH - 422001",greenleaf.agro@gmail.com,0253-1234567,GSTIN27BBBC1235U1ZX,58000,5,0,0,2900.0,60900.0,Immediate,Courier,TN88AB9307,EWB91415339,N/A,09-01-2026,Nashik
INV-2025-0051,12-05-2024,12-05-2024,Priya Steel Works,"45, Industrial Estate, Pune, MH - 411019",UDYAM-MH-12-0034567,priya.steel@outlook.com,9823456789,Small,Manufacturing,Proprietorship,GSTIN27AABCP2345R1ZX,SB A/C 234567890123,PUNB0002345,Udyog Aadhaar,National Distributors Ltd,"22, Commercial Street, Bengaluru, KA-560027",orders@nationaldist.com,080-23456789,GSTIN29BBBC3456M1ZX,176800,12,0,0,21216.0,198016.0,Immediate,Air,N/A,EWB58587753,N/A,27-05-2024,Bengaluru
TXN-2024-0052,19-03-2022,18-04-2022,Devi Paper Mills,"44, Paper Mill Road, Vapi, GJ - 396191",UDYAM-GJ-20-0066789,devi.paper@gmail.com,9745901234,Small,Manufacturing,Partnership,GSTIN24AABCP4567D2ZX,SB A/C 456789013456,UTIB0014567,Udyog Aadhaar,Coastal Commodities,"7, Harbour Lane, Mangaluru, KA - 575001",coastal.comm@gmail.com,0824-456789,GSTIN29BBBC4568X1ZX,122250,12,0,0,14670.0,136920.0,50% Advance + 50% on Delivery,Courier,TN41AB9587,EWB79485881,PO-9238,31-03-2022,Mangaluru
BILL-2023-0053,10-10-2023,09-11-2023,Arjun Textiles Pvt Ltd,"12, Gandhi Nagar, Coimbatore, TN - 641001",UDYAM-TN-07-0012345,arjun.textiles@gmail.com,9876543210,Micro,Manufacturing,Private Limited,GSTIN33AABCP1234Q1ZX,SB A/C 123456789012,SBIN0001234,None,Mega-Retail Corp,"100, Business Park, Mumbai, MH - 400001",contact@megaretail.com,022-45678901,GSTIN27BBBC1234K1ZX,97250,5,0,0,4862.5,102112.5,50% Advance + 50% on Delivery,Air,N/A,N/A,PO-8882,17-10-2023,Mumbai
TXN-2024-0054,14-07-2024,28-08-2024,Ganesh Rubber Products,"77, Rubber Park, Kottayam, KL - 686001",UDYAM-KL-06-0077890,ganesh.rubber@gmail.com,9734012345,Small,Manufacturing,Partnership,GSTIN32AABCP5678E2ZX,SB A/C 567890124567,FDRL0015678,Udyog Aadhaar,Prime Builders India,"60, Sector 18, Noida, UP - 201301",procurement@primebuild.in,0120-6789012,GSTIN09BBBC7890Q1ZX,73100,18,0,0,13158.0,86258.0,Net 45 Days,Own Vehicle,N/A,EWB91993983,PO-5070,26-07-2024,Noida
TXN-2022-0055,27-09-2022,12-10-2022,Arjun Textiles Pvt Ltd,"12, Gandhi Nagar, Coimbatore, TN - 641001",UDYAM-TN-07-0012345,arjun.textiles@gmail.com,9876543210,Micro,Manufacturing,Proprietorship,GSTIN33AABCP1234Q1ZX,SB A/C 123456789012,SBIN0001234,Udyog Aadhaar,Delta Infra Solutions,"52, IT Park, Gurugram, HR - 122001",delta.infra@gmail.com,0124-567890,GSTIN06BBBC5679Y1ZX,136700,5,0,0,6835.0,143535.0,Net 15 Days,Own Vehicle,TN20AB5589,N/A,N/A,06-10-2022,Gurugram
TAX-2025-0056,06-07-2023,20-08-2023,Kumar Printing Press,"8, Press Colony, Coimbatore, TN - 641018",UDYAM-TN-14-0021234,kumar.press@gmail.com,9734456789,Micro,Services,Partnership,GSTIN33AABCP9012I2ZX,SB A/C 901234568901,IOBA0019012,MUDRA Loan,Coastal Commodities,"7, Harbour Lane, Mangaluru, KA - 575001",coastal.comm@gmail.com,0824-456789,GSTIN29BBBC4568X1ZX,58000,12,0,0,6960.0,64960.0,Net 45 Days,Courier,TN21AB5050,N/A,PO-1705,16-07-2023,Mangaluru
INV-2023-0057,04-12-2025,18-01-2026,Sree Ceramics,"60, Pottery Lane, Khurja, UP - 203131",UDYAM-UP-40-0010123,sree.ceramics@gmail.com,9745345678,Small,Manufacturing,Partnership,GSTIN09AABCP8901H2ZX,SB A/C 890123457890,BKID0018901,PMEGP,FreshMart Supermarkets,"88, Ring Road, Delhi, DL - 110044",supply@freshmart.in,011-34567890,GSTIN07BBBC4567N1ZX,92100,5,0,0,4605.0,96705.0,Net 45 Days,Own Vehicle,TN75AB4549,EWB57670314,PO-2011,24-12-2025,Delhi
TXN-2025-0058,19-10-2024,19-10-2024,Suresh Engineering Works,"67, MG Road, Bengaluru, KA - 560001",UDYAM-KA-18-0067890,suresh.eng@gmail.com,9734512345,Medium,Manufacturing,Partnership,GSTIN29AABCP5678U1ZX,SB A/C 567890123456,AXIS0005678,MUDRA Loan,Kalyan Exports,"44, Harbour Road, Chennai, TN - 600001",kalyan.exports@gmail.com,044-89012345,GSTIN33BBBC9012S1ZX,136700,5,0,0,6835.0,143535.0,Immediate,Rail,TN33AB6345,N/A,PO-1070,29-10-2024,Chennai
BILL-2023-0059,09-11-2025,24-12-2025,Kavya Pharmaceuticals,"33, Pharma Park, Ahmedabad, GJ - 380054",UDYAM-GJ-01-0088901,kavya.pharma@gmail.com,9867123456,Medium,Manufacturing,Proprietorship,GSTIN24AABCP6789F2ZX,SB A/C 678901235678,HDFC0016789,PMEGP,Horizon Pharma Dist.,"36, Med City, Hyderabad, TS - 500072",horizon.pharma@gmail.com,040-2345678,GSTIN36BBBC2346V1ZX,176800,5,0,0,8840.0,185640.0,Net 45 Days,Rail,N/A,EWB21968592,PO-9656,16-11-2025,Hyderabad
TXN-2025-0060,18-07-2024,17-08-2024,Vijay Auto Parts,"11, Auto Nagar, Vijayawada, AP - 520007",UDYAM-AP-19-0011234,vijayautoparts@gmail.com,9734456789,Small,Trading,Proprietorship,GSTIN37AABCP9012Y1ZX,SB A/C 901234567890,ANDBA009012,MUDRA Loan,Kalyan Exports,"44, Harbour Road, Chennai, TN - 600001",kalyan.exports@gmail.com,044-89012345,GSTIN33BBBC9012S1ZX,136700,12,0,0,16404.0,153104.0,50% Advance + 50% on Delivery,Road,TN16AB6769,EWB47683729,PO-5311,04-08-2024,Chennai
BILL-2023-0061,09-01-2023,08-02-2023,Nithya Garments,"5, Textile Market, Surat, GJ - 395003",UDYAM-GJ-24-0078901,nithya.garments@gmail.com,9867123456,Micro,Manufacturing,Partnership,GSTIN24AABCP6789V1ZX,SB A/C 678901234567,BARB0006789,None,Bharat Industrial Supply,"33, GIDC Estate, Ahmedabad, GJ - 380024",purchase@bharatind.com,079-45678901,GSTIN24BBBC5678O1ZX,97250,12,0,0,11670.0,108920.0,50% Advance + 50% on Delivery,Courier,TN17AB2755,N/A,N/A,12-01-2023,Ahmedabad
TAX-2024-0062,27-02-2025,14-03-2025,Suresh Engineering Works,"67, MG Road, Bengaluru, KA - 560001",UDYAM-KA-18-0067890,suresh.eng@gmail.com,9734512345,Medium,Manufacturing,Private Limited,GSTIN29AABCP5678U1ZX,SB A/C 567890123456,AXIS0005678,CGTMSE,Prime Builders India,"60, Sector 18, Noida, UP - 201301",procurement@primebuild.in,0120-6789012,GSTIN09BBBC7890Q1ZX,176800,12,0,0,21216.0,198016.0,Net 15 Days,Road,N/A,EWB65604694,PO-6105,14-03-2025,Noida
INV-2023-0063,12-06-2024,12-07-2024,Devi Paper Mills,"44, Paper Mill Road, Vapi, GJ - 396191",UDYAM-GJ-20-0066789,devi.paper@gmail.com,9745901234,Small,Manufacturing,Partnership,GSTIN24AABCP4567D2ZX,SB A/C 456789013456,UTIB0014567,CGTMSE,TechnoTrade Solutions,"55, Cyber Tower, Hyderabad, TS - 500081",procurement@technotrade.in,040-67890123,GSTIN36BBBC2345L1ZX,176800,18,0,0,31824.0,208624.0,50% Advance + 50% on Delivery,Courier,TN98AB7501,EWB99207142,PO-8512,17-06-2024,Hyderabad
TAX-2023-0064,01-12-2025,01-12-2025,Mani Fabricators,"90, Phase 2, Ludhiana, PB - 141003",UDYAM-PB-03-0090123,mani.fab@gmail.com,9745345678,Micro,Manufacturing,Cooperative,GSTIN03AABCP8901X1ZX,SB A/C 890123456789,PUNB0008901,PMEGP,Delta Infra Solutions,"52, IT Park, Gurugram, HR - 122001",delta.infra@gmail.com,0124-567890,GSTIN06BBBC5679Y1ZX,273200,12,0,0,32784.0,305984.0,Immediate,Own Vehicle,TN63AB7930,N/A,N/A,21-12-2025,Gurugram
TAX-2023-0065,21-01-2023,07-03-2023,Kumar Printing Press,"8, Press Colony, Coimbatore, TN - 641018",UDYAM-TN-14-0021234,kumar.press@gmail.com,9734456789,Micro,Services,Partnership,GSTIN33AABCP9012I2ZX,SB A/C 901234568901,IOBA0019012,PMEGP,Delta Infra Solutions,"52, IT Park, Gurugram, HR - 122001",delta.infra@gmail.com,0124-567890,GSTIN06BBBC5679Y1ZX,73100,12,0,0,8772.0,81872.0,Net 45 Days,Rail,TN41AB7323,EWB13559208,N/A,29-01-2023,Gurugram
MSME-2022-0066,17-04-2022,02-05-2022,Mani Fabricators,"90, Phase 2, Ludhiana, PB - 141003",UDYAM-PB-03-0090123,mani.fab@gmail.com,9745345678,Micro,Manufacturing,Partnership,GSTIN03AABCP8901X1ZX,SB A/C 890123456789,PUNB0008901,MUDRA Loan,Sunrise Wholesalers,"15, Market Road, Kolkata, WB - 700013",sunrise.ws@gmail.com,033-56789012,GSTIN19BBBC6789P1ZX,176800,5,0,0,8840.0,185640.0,Net 15 Days,Own Vehicle,TN12AB6933,EWB98010754,PO-5713,25-04-2022,Kolkata
BILL-2025-0067,22-07-2025,21-08-2025,Priya Steel Works,"45, Industrial Estate, Pune, MH - 411019",UDYAM-MH-12-0034567,priya.steel@outlook.com,9823456789,Small,Manufacturing,Cooperative,GSTIN27AABCP2345R1ZX,SB A/C 234567890123,PUNB0002345,MUDRA Loan,FreshMart Supermarkets,"88, Ring Road, Delhi, DL - 110044",supply@freshmart.in,011-34567890,GSTIN07BBBC4567N1ZX,73100,12,0,0,8772.0,81872.0,Net 30 Days,Air,N/A,EWB25083939,PO-2208,03-08-2025,Delhi
INV-2024-0068,12-07-2024,27-07-2024,Suresh Engineering Works,"67, MG Road, Bengaluru, KA - 560001",UDYAM-KA-18-0067890,suresh.eng@gmail.com,9734512345,Medium,Manufacturing,Private Limited,GSTIN29AABCP5678U1ZX,SB A/C 567890123456,AXIS0005678,None,Prime Builders India,"60, Sector 18, Noida, UP - 201301",procurement@primebuild.in,0120-6789012,GSTIN09BBBC7890Q1ZX,58000,12,0,0,6960.0,64960.0,Net 15 Days,Air,TN30AB4042,EWB63924543,PO-3406,19-07-2024,Noida
TXN-2022-0069,31-03-2022,15-05-2022,Nithya Garments,"5, Textile Market, Surat, GJ - 395003",UDYAM-GJ-24-0078901,nithya.garments@gmail.com,9867123456,Micro,Manufacturing,Partnership,GSTIN24AABCP6789V1ZX,SB A/C 678901234567,BARB0006789,Udyog Aadhaar,Bharat Industrial Supply,"33, GIDC Estate, Ahmedabad, GJ - 380024",purchase@bharatind.com,079-45678901,GSTIN24BBBC5678O1ZX,176800,12,0,0,21216.0,198016.0,Net 45 Days,Courier,TN91AB5248,N/A,PO-9219,08-04-2022,Ahmedabad
BILL-2023-0070,04-08-2023,03-09-2023,Vijay Auto Parts,"11, Auto Nagar, Vijayawada, AP - 520007",UDYAM-AP-19-0011234,vijayautoparts@gmail.com,9734456789,Small,Trading,Partnership,GSTIN37AABCP9012Y1ZX,SB A/C 901234567890,ANDBA009012,TReDS,Sunrise Wholesalers,"15, Market Road, Kolkata, WB - 700013",sunrise.ws@gmail.com,033-56789012,GSTIN19BBBC6789P1ZX,176800,12,0,0,21216.0,198016.0,Net 30 Days,Road,TN55AB1254,N/A,PO-4912,11-08-2023,Kolkata
INV-2025-0071,12-04-2025,12-04-2025,Nithya Garments,"5, Textile Market, Surat, GJ - 395003",UDYAM-GJ-24-0078901,nithya.garments@gmail.com,9867123456,Micro,Manufacturing,LLP,GSTIN24AABCP6789V1ZX,SB A/C 678901234567,BARB0006789,MUDRA Loan,TechnoTrade Solutions,"55, Cyber Tower, Hyderabad, TS - 500081",procurement@technotrade.in,040-67890123,GSTIN36BBBC2345L1ZX,273200,12,0,0,32784.0,305984.0,Immediate,Own Vehicle,TN20AB6614,EWB49002723,PO-6209,28-04-2025,Hyderabad
BILL-2025-0072,08-05-2023,08-05-2023,Ganesh Rubber Products,"77, Rubber Park, Kottayam, KL - 686001",UDYAM-KL-06-0077890,ganesh.rubber@gmail.com,9734012345,Small,Manufacturing,LLP,GSTIN32AABCP5678E2ZX,SB A/C 567890124567,FDRL0015678,MUDRA Loan,National Distributors Ltd,"22, Commercial Street, Bengaluru, KA-560027",orders@nationaldist.com,080-23456789,GSTIN29BBBC3456M1ZX,129900,5,0,0,6495.0,136395.0,Immediate,Road,TN98AB5515,EWB26985067,PO-2978,27-05-2023,Bengaluru
BILL-2025-0073,13-05-2022,12-06-2022,Nithya Garments,"5, Textile Market, Surat, GJ - 395003",UDYAM-GJ-24-0078901,nithya.garments@gmail.com,9867123456,Micro,Manufacturing,Cooperative,GSTIN24AABCP6789V1ZX,SB A/C 678901234567,BARB0006789,PMEGP,FreshMart Supermarkets,"88, Ring Road, Delhi, DL - 110044",supply@freshmart.in,011-34567890,GSTIN07BBBC4567N1ZX,273200,18,0,0,49176.0,322376.0,50% Advance + 50% on Delivery,Road,TN35AB7600,EWB16676769,N/A,23-05-2022,Delhi
TAX-2025-0074,29-09-2024,13-11-2024,Arjun Textiles Pvt Ltd,"12, Gandhi Nagar, Coimbatore, TN - 641001",UDYAM-TN-07-0012345,arjun.textiles@gmail.com,9876543210,Micro,Manufacturing,Proprietorship,GSTIN33AABCP1234Q1ZX,SB A/C 123456789012,SBIN0001234,None,Greenleaf Agro Traders,"71, Agro Complex, Nashik, MH - 422001",greenleaf.agro@gmail.com,0253-1234567,GSTIN27BBBC1235U1ZX,136700,18,0,0,24606.0,161306.0,Net 45 Days,Road,TN35AB2692,EWB41514070,N/A,12-10-2024,Nashik
TAX-2023-0075,22-09-2024,22-09-2024,Sree Ceramics,"60, Pottery Lane, Khurja, UP - 203131",UDYAM-UP-40-0010123,sree.ceramics@gmail.com,9745345678,Small,Manufacturing,Partnership,GSTIN09AABCP8901H2ZX,SB A/C 890123457890,BKID0018901,PMEGP,Horizon Pharma Dist.,"36, Med City, Hyderabad, TS - 500072",horizon.pharma@gmail.com,040-2345678,GSTIN36BBBC2346V1ZX,73100,12,0,0,8772.0,81872.0,Immediate,Courier,N/A,N/A,N/A,04-10-2024,Hyderabad
TXN-2025-0076,31-08-2022,30-09-2022,Arjun Textiles Pvt Ltd,"12, Gandhi Nagar, Coimbatore, TN - 641001",UDYAM-TN-07-0012345,arjun.textiles@gmail.com,9876543210,Micro,Manufacturing,Proprietorship,GSTIN33AABCP1234Q1ZX,SB A/C 123456789012,SBIN0001234,PMEGP,Skyline Retailers,"19, MG Road, Pune, MH - 411001",skyline.retail@gmail.com,020-3456789,GSTIN27BBBC3457W1ZX,73100,18,0,0,13158.0,86258.0,50% Advance + 50% on Delivery,Own Vehicle,TN12AB2005,EWB61524561,PO-1332,10-09-2022,Pune
TAX-2024-0077,25-09-2023,25-10-2023,Priya Steel Works,"45, Industrial Estate, Pune, MH - 411019",UDYAM-MH-12-0034567,priya.steel@outlook.com,9823456789,Small,Manufacturing,Cooperative,GSTIN27AABCP2345R1ZX,SB A/C 234567890123,PUNB0002345,CGTMSE,Kalyan Exports,"44, Harbour Road, Chennai, TN - 600001",kalyan.exports@gmail.com,044-89012345,GSTIN33BBBC9012S1ZX,159500,18,0,0,28710.0,188210.0,Net 30 Days,Air,N/A,EWB44787246,N/A,12-10-2023,Chennai
TXN-2022-0078,29-06-2024,29-07-2024,Lakshmi Plastics Industries,"23, Anna Salai, Chennai, TN - 600002",UDYAM-TN-04-0056789,lakshmiplastics@gmail.com,9745612345,Small,Manufacturing,LLP,GSTIN33AABCP4567T1ZX,SB A/C 456789012345,ICIC0004567,MUDRA Loan,Prime Builders India,"60, Sector 18, Noida, UP - 201301",procurement@primebuild.in,0120-6789012,GSTIN09BBBC7890Q1ZX,122250,18,0,0,22005.0,144255.0,50% Advance + 50% on Delivery,Rail,N/A,EWB14203380,PO-9203,16-07-2024,Noida
MSME-2024-0079,13-07-2024,28-07-2024,Mohan Leather Works,"21, Leather District, Kanpur, UP - 208001",UDYAM-UP-09-0099012,mohan.leather@gmail.com,9856234567,Micro,Manufacturing,LLP,GSTIN09AABCP7890G2ZX,SB A/C 789012346789,ALLA0017890,CGTMSE,Bharat Industrial Supply,"33, GIDC Estate, Ahmedabad, GJ - 380024",purchase@bharatind.com,079-45678901,GSTIN24BBBC5678O1ZX,236000,12,0,0,28320.0,264320.0,Net 15 Days,Courier,N/A,N/A,PO-8655,19-07-2024,Ahmedabad
INV-2022-0080,14-09-2025,29-10-2025,Anand Carpentry Works,"15, Furniture Nagar, Erode, TN - 638001",UDYAM-TN-11-0055678,anand.carpentry@gmail.com,9812890123,Micro,Manufacturing,Proprietorship,GSTIN33AABCP3456C2ZX,SB A/C 345678902345,IOB00013456,None,Skyline Retailers,"19, MG Road, Pune, MH - 411001",skyline.retail@gmail.com,020-3456789,GSTIN27BBBC3457W1ZX,73100,18,0,0,13158.0,86258.0,Net 45 Days,Rail,N/A,EWB25581156,N/A,03-10-2025,Pune
TAX-2025-0081,31-03-2024,31-03-2024,Arjun Textiles Pvt Ltd,"12, Gandhi Nagar, Coimbatore, TN - 641001",UDYAM-TN-07-0012345,arjun.textiles@gmail.com,9876543210,Micro,Manufacturing,Private Limited,GSTIN33AABCP1234Q1ZX,SB A/C 123456789012,SBIN0001234,TReDS,Coastal Commodities,"7, Harbour Lane, Mangaluru, KA - 575001",coastal.comm@gmail.com,0824-456789,GSTIN29BBBC4568X1ZX,73100,12,0,0,8772.0,81872.0,Immediate,Road,TN88AB2953,N/A,PO-4822,16-04-2024,Mangaluru
INV-2022-0082,17-09-2022,17-09-2022,Lakshmi Plastics Industries,"23, Anna Salai, Chennai, TN - 600002",UDYAM-TN-04-0056789,lakshmiplastics@gmail.com,9745612345,Small,Manufacturing,Private Limited,GSTIN33AABCP4567T1ZX,SB A/C 456789012345,ICIC0004567,PMEGP,TechnoTrade Solutions,"55, Cyber Tower, Hyderabad, TS - 500081",procurement@technotrade.in,040-67890123,GSTIN36BBBC2345L1ZX,129900,12,0,0,15588.0,145488.0,Immediate,Road,TN71AB7655,EWB25825241,PO-6979,28-09-2022,Hyderabad
TXN-2022-0083,05-12-2024,19-01-2025,Priya Steel Works,"45, Industrial Estate, Pune, MH - 411019",UDYAM-MH-12-0034567,priya.steel@outlook.com,9823456789,Small,Manufacturing,Partnership,GSTIN27AABCP2345R1ZX,SB A/C 234567890123,PUNB0002345,TReDS,Delta Infra Solutions,"52, IT Park, Gurugram, HR - 122001",delta.infra@gmail.com,0124-567890,GSTIN06BBBC5679Y1ZX,273200,5,0,0,13660.0,286860.0,Net 45 Days,Courier,TN46AB4572,EWB45511000,PO-2216,22-12-2024,Gurugram
TAX-2025-0084,13-10-2024,12-11-2024,Ravi Chemicals,"99, Chemical Park, Vadodara, GJ - 390007",UDYAM-GJ-10-0044567,ravi.chem@outlook.com,9823789012,Medium,Manufacturing,Partnership,GSTIN24AABCP2345B2ZX,SB A/C 234567891234,SBIN0012345,TReDS,Prime Builders India,"60, Sector 18, Noida, UP - 201301",procurement@primebuild.in,0120-6789012,GSTIN09BBBC7890Q1ZX,273200,5,0,0,13660.0,286860.0,50% Advance + 50% on Delivery,Rail,TN36AB5688,N/A,PO-7684,17-10-2024,Noida
INV-2024-0085,17-09-2025,02-10-2025,Arjun Textiles Pvt Ltd,"12, Gandhi Nagar, Coimbatore, TN - 641001",UDYAM-TN-07-0012345,arjun.textiles@gmail.com,9876543210,Micro,Manufacturing,LLP,GSTIN33AABCP1234Q1ZX,SB A/C 123456789012,SBIN0001234,Udyog Aadhaar,Kalyan Exports,"44, Harbour Road, Chennai, TN - 600001",kalyan.exports@gmail.com,044-89012345,GSTIN33BBBC9012S1ZX,73100,12,0,0,8772.0,81872.0,Net 15 Days,Courier,TN24AB6282,EWB20921617,PO-1891,20-09-2025,Chennai
INV-2022-0086,06-03-2023,05-04-2023,Nithya Garments,"5, Textile Market, Surat, GJ - 395003",UDYAM-GJ-24-0078901,nithya.garments@gmail.com,9867123456,Micro,Manufacturing,Proprietorship,GSTIN24AABCP6789V1ZX,SB A/C 678901234567,BARB0006789,MUDRA Loan,DeepSea Trading,"28, Port Area, Kochi, KL - 682001",deepsea.trading@gmail.com,0484-9012345,GSTIN32BBBC0123T1ZX,122250,12,0,0,14670.0,136920.0,50% Advance + 50% on Delivery,Air,N/A,EWB10727921,N/A,15-03-2023,Kochi
TXN-2024-0087,27-08-2025,11-10-2025,Sree Ceramics,"60, Pottery Lane, Khurja, UP - 203131",UDYAM-UP-40-0010123,sree.ceramics@gmail.com,9745345678,Small,Manufacturing,Partnership,GSTIN09AABCP8901H2ZX,SB A/C 890123457890,BKID0018901,MUDRA Loan,FreshMart Supermarkets,"88, Ring Road, Delhi, DL - 110044",supply@freshmart.in,011-34567890,GSTIN07BBBC4567N1ZX,92100,18,0,0,16578.0,108678.0,Net 45 Days,Rail,N/A,N/A,PO-8618,14-09-2025,Delhi
MSME-2022-0088,04-08-2023,19-08-2023,Priya Steel Works,"45, Industrial Estate, Pune, MH - 411019",UDYAM-MH-12-0034567,priya.steel@outlook.com,9823456789,Small,Manufacturing,Cooperative,GSTIN27AABCP2345R1ZX,SB A/C 234567890123,PUNB0002345,MUDRA Loan,Delta Infra Solutions,"52, IT Park, Gurugram, HR - 122001",delta.infra@gmail.com,0124-567890,GSTIN06BBBC5679Y1ZX,21150,18,0,0,3807.0,24957.0,Net 15 Days,Rail,TN77AB4636,N/A,PO-9838,22-08-2023,Gurugram
TAX-2022-0089,16-12-2023,15-01-2024,Lakshmi Plastics Industries,"23, Anna Salai, Chennai, TN - 600002",UDYAM-TN-04-0056789,lakshmiplastics@gmail.com,9745612345,Small,Manufacturing,LLP,GSTIN33AABCP4567T1ZX,SB A/C 456789012345,ICIC0004567,None,Kalyan Exports,"44, Harbour Road, Chennai, TN - 600001",kalyan.exports@gmail.com,044-89012345,GSTIN33BBBC9012S1ZX,154100,12,0,0,18492.0,172592.0,Net 30 Days,Courier,TN66AB9357,N/A,N/A,05-01-2024,Chennai
MSME-2025-0090,09-02-2023,26-03-2023,Arjun Textiles Pvt Ltd,"12, Gandhi Nagar, Coimbatore, TN - 641001",UDYAM-TN-07-0012345,arjun.textiles@gmail.com,9876543210,Micro,Manufacturing,Cooperative,GSTIN33AABCP1234Q1ZX,SB A/C 123456789012,SBIN0001234,Udyog Aadhaar,Prime Builders India,"60, Sector 18, Noida, UP - 201301",procurement@primebuild.in,0120-6789012,GSTIN09BBBC7890Q1ZX,96200,5,0,0,4810.0,101010.0,Net 45 Days,Rail,TN12AB4271,EWB28626306,N/A,12-02-2023,Noida
INV-2022-0091,15-06-2025,30-06-2025,Kavya Pharmaceuticals,"33, Pharma Park, Ahmedabad, GJ - 380054",UDYAM-GJ-01-0088901,kavya.pharma@gmail.com,9867123456,Medium,Manufacturing,Private Limited,GSTIN24AABCP6789F2ZX,SB A/C 678901235678,HDFC0016789,TReDS,Greenleaf Agro Traders,"71, Agro Complex, Nashik, MH - 422001",greenleaf.agro@gmail.com,0253-1234567,GSTIN27BBBC1235U1ZX,58000,18,0,0,10440.0,68440.0,Net 15 Days,Courier,TN49AB7169,N/A,N/A,01-07-2025,Nashik
INV-2023-0092,28-07-2023,11-09-2023,Kavya Pharmaceuticals,"33, Pharma Park, Ahmedabad, GJ - 380054",UDYAM-GJ-01-0088901,kavya.pharma@gmail.com,9867123456,Medium,Manufacturing,Proprietorship,GSTIN24AABCP6789F2ZX,SB A/C 678901235678,HDFC0016789,Udyog Aadhaar,Prime Builders India,"60, Sector 18, Noida, UP - 201301",procurement@primebuild.in,0120-6789012,GSTIN09BBBC7890Q1ZX,21150,18,0,0,3807.0,24957.0,Net 45 Days,Road,N/A,EWB77549218,N/A,02-08-2023,Noida
INV-2022-0093,23-08-2023,22-09-2023,Lakshmi Plastics Industries,"23, Anna Salai, Chennai, TN - 600002",UDYAM-TN-04-0056789,lakshmiplastics@gmail.com,9745612345,Small,Manufacturing,Cooperative,GSTIN33AABCP4567T1ZX,SB A/C 456789012345,ICIC0004567,None,National Distributors Ltd,"22, Commercial Street, Bengaluru, KA-560027",orders@nationaldist.com,080-23456789,GSTIN29BBBC3456M1ZX,136700,5,0,0,6835.0,143535.0,Net 30 Days,Courier,TN10AB2605,EWB63865277,N/A,28-08-2023,Bengaluru
TAX-2022-0094,03-05-2024,17-06-2024,Balaji Food Industries,"34, SIDCO Industrial Area, Tirunelveli, TN-627002",UDYAM-TN-29-0089012,balaji.food@gmail.com,9856234567,Small,Manufacturing,Proprietorship,GSTIN33AABCP7890W1ZX,SB A/C 789012345678,CNRB0007890,None,Coastal Commodities,"7, Harbour Lane, Mangaluru, KA - 575001",coastal.comm@gmail.com,0824-456789,GSTIN29BBBC4568X1ZX,92100,5,0,0,4605.0,96705.0,Net 45 Days,Air,N/A,EWB48636667,N/A,10-05-2024,Mangaluru
INV-2024-0095,29-08-2024,13-09-2024,Meena Handicrafts,"56, Handicraft Zone, Jaipur, RJ - 302001",UDYAM-RJ-08-0033456,meena.craft@gmail.com,9845678901,Micro,Manufacturing,Proprietorship,GSTIN08AABCP1234A2ZX,SB A/C 123456780123,RBIS0011234,None,Bharat Industrial Supply,"33, GIDC Estate, Ahmedabad, GJ - 380024",purchase@bharatind.com,079-45678901,GSTIN24BBBC5678O1ZX,96200,18,0,0,17316.0,113516.0,Net 15 Days,Road,N/A,EWB62183098,PO-3352,01-09-2024,Ahmedabad
TXN-2023-0096,16-02-2024,16-02-2024,Vijay Auto Parts,"11, Auto Nagar, Vijayawada, AP - 520007",UDYAM-AP-19-0011234,vijayautoparts@gmail.com,9734456789,Small,Trading,Partnership,GSTIN37AABCP9012Y1ZX,SB A/C 901234567890,ANDBA009012,None,Bharat Industrial Supply,"33, GIDC Estate, Ahmedabad, GJ - 380024",purchase@bharatind.com,079-45678901,GSTIN24BBBC5678O1ZX,129900,12,0,0,15588.0,145488.0,Immediate,Own Vehicle,N/A,EWB10100886,PO-4959,02-03-2024,Ahmedabad
MSME-2025-0097,20-05-2024,20-05-2024,Sree Ceramics,"60, Pottery Lane, Khurja, UP - 203131",UDYAM-UP-40-0010123,sree.ceramics@gmail.com,9745345678,Small,Manufacturing,Proprietorship,GSTIN09AABCP8901H2ZX,SB A/C 890123457890,BKID0018901,None,Horizon Pharma Dist.,"36, Med City, Hyderabad, TS - 500072",horizon.pharma@gmail.com,040-2345678,GSTIN36BBBC2346V1ZX,92100,12,0,0,11052.0,103152.0,Immediate,Own Vehicle,TN70AB3532,EWB94613331,N/A,24-05-2024,Hyderabad
INV-2022-0098,12-06-2024,27-07-2024,Priya Steel Works,"45, Industrial Estate, Pune, MH - 411019",UDYAM-MH-12-0034567,priya.steel@outlook.com,9823456789,Small,Manufacturing,Partnership,GSTIN27AABCP2345R1ZX,SB A/C 234567890123,PUNB0002345,MUDRA Loan,Apex Manufacturing Co.,"77, Industrial Hub, Nagpur, MH - 440018",apex.mfg@gmail.com,0712-7890123,GSTIN27BBBC8901R1ZX,136700,12,0,0,16404.0,153104.0,Net 45 Days,Air,TN99AB5297,N/A,PO-4719,22-06-2024,Nagpur
INV-2022-0099,19-05-2025,18-06-2025,Karthik Electronics,"78, Electronics City, Chennai, TN - 600119",UDYAM-TN-22-0022345,karthik.elec@gmail.com,9867567890,Small,Manufacturing,LLP,GSTIN33AABCP0123Z1ZX,SB A/C 012345678901,KKBK0010123,PMEGP,Sunrise Wholesalers,"15, Market Road, Kolkata, WB - 700013",sunrise.ws@gmail.com,033-56789012,GSTIN19BBBC6789P1ZX,136700,18,0,0,24606.0,161306.0,50% Advance + 50% on Delivery,Air,TN55AB9629,N/A,PO-5070,08-06-2025,Kolkata
BILL-2025-0100,08-09-2024,23-09-2024,Sharma Construction Materials,"55, Building Zone, Jaipur, RJ - 302016",UDYAM-RJ-13-0032345,sharma.const@gmail.com,9867567890,Small,Trading,Cooperative,GSTIN08AABCP0123J2ZX,SB A/C 012345679012,CBIN0020123,PMEGP,Horizon Pharma Dist.,"36, Med City, Hyderabad, TS - 500072",horizon.pharma@gmail.com,040-2345678,GSTIN36BBBC2346V1ZX,176800,18,0,0,31824.0,208624.0,Net 15 Days,Courier,TN68AB6876,N/A,N/A,21-09-2024,Hyderabad
TAX-2024-0101,07-09-2023,22-09-2023,Priya Steel Works,"45, Industrial Estate, Pune, MH - 411019",UDYAM-MH-12-0034567,priya.steel@outlook.com,9823456789,Small,Manufacturing,Partnership,GSTIN27AABCP2345R1ZX,SB A/C 234567890123,PUNB0002345,PMEGP,DeepSea Trading,"28, Port Area, Kochi, KL - 682001",deepsea.trading@gmail.com,0484-9012345,GSTIN32BBBC0123T1ZX,21150,18,0,0,3807.0,24957.0,Net 15 Days,Rail,TN68AB7765,N/A,PO-8941,14-09-2023,Kochi
BILL-2025-0102,11-09-2022,11-09-2022,Karthik Electronics,"78, Electronics City, Chennai, TN - 600119",UDYAM-TN-22-0022345,karthik.elec@gmail.com,9867567890,Small,Manufacturing,Cooperative,GSTIN33AABCP0123Z1ZX,SB A/C 012345678901,KKBK0010123,Udyog Aadhaar,Mega-Retail Corp,"100, Business Park, Mumbai, MH - 400001",contact@megaretail.com,022-45678901,GSTIN27BBBC1234K1ZX,273200,5,0,0,13660.0,286860.0,Immediate,Courier,TN36AB4798,EWB36170053,N/A,22-09-2022,Mumbai
BILL-2025-0103,14-09-2025,29-09-2025,Mohan Leather Works,"21, Leather District, Kanpur, UP - 208001",UDYAM-UP-09-0099012,mohan.leather@gmail.com,9856234567,Micro,Manufacturing,Partnership,GSTIN09AABCP7890G2ZX,SB A/C 789012346789,ALLA0017890,CGTMSE,Prime Builders India,"60, Sector 18, Noida, UP - 201301",procurement@primebuild.in,0120-6789012,GSTIN09BBBC7890Q1ZX,97250,18,0,0,17505.0,114755.0,Net 15 Days,Road,TN14AB2729,N/A,N/A,03-10-2025,Noida
TXN-2023-0104,12-10-2023,26-11-2023,Nithya Garments,"5, Textile Market, Surat, GJ - 395003",UDYAM-GJ-24-0078901,nithya.garments@gmail.com,9867123456,Micro,Manufacturing,Partnership,GSTIN24AABCP6789V1ZX,SB A/C 678901234567,BARB0006789,PMEGP,Coastal Commodities,"7, Harbour Lane, Mangaluru, KA - 575001",coastal.comm@gmail.com,0824-456789,GSTIN29BBBC4568X1ZX,73100,5,0,0,3655.0,76755.0,Net 45 Days,Air,TN97AB8157,N/A,N/A,30-10-2023,Mangaluru
MSME-2024-0105,30-12-2024,29-01-2025,Ravi Chemicals,"99, Chemical Park, Vadodara, GJ - 390007",UDYAM-GJ-10-0044567,ravi.chem@outlook.com,9823789012,Medium,Manufacturing,Cooperative,GSTIN24AABCP2345B2ZX,SB A/C 234567891234,SBIN0012345,Udyog Aadhaar,Greenleaf Agro Traders,"71, Agro Complex, Nashik, MH - 422001",greenleaf.agro@gmail.com,0253-1234567,GSTIN27BBBC1235U1ZX,58000,18,0,0,10440.0,68440.0,50% Advance + 50% on Delivery,Air,TN30AB5276,N/A,PO-2414,02-01-2025,Nashik
TAX-2023-0106,27-08-2024,11-10-2024,Karthik Electronics,"78, Electronics City, Chennai, TN - 600119",UDYAM-TN-22-0022345,karthik.elec@gmail.com,9867567890,Small,Manufacturing,LLP,GSTIN33AABCP0123Z1ZX,SB A/C 012345678901,KKBK0010123,PMEGP,Horizon Pharma Dist.,"36, Med City, Hyderabad, TS - 500072",horizon.pharma@gmail.com,040-2345678,GSTIN36BBBC2346V1ZX,159500,12,0,0,19140.0,178640.0,Net 45 Days,Own Vehicle,TN35AB9851,EWB66074818,N/A,07-09-2024,Hyderabad
BILL-2022-0107,08-12-2023,07-01-2024,Mohan Leather Works,"21, Leather District, Kanpur, UP - 208001",UDYAM-UP-09-0099012,mohan.leather@gmail.com,9856234567,Micro,Manufacturing,Cooperative,GSTIN09AABCP7890G2ZX,SB A/C 789012346789,ALLA0017890,CGTMSE,Prime Builders India,"60, Sector 18, Noida, UP - 201301",procurement@primebuild.in,0120-6789012,GSTIN09BBBC7890Q1ZX,129900,5,0,0,6495.0,136395.0,Net 30 Days,Own Vehicle,N/A,EWB60763365,PO-3908,28-12-2023,Noida
TAX-2025-0108,03-06-2024,18-06-2024,Suresh Engineering Works,"67, MG Road, Bengaluru, KA - 560001",UDYAM-KA-18-0067890,suresh.eng@gmail.com,9734512345,Medium,Manufacturing,Private Limited,GSTIN29AABCP5678U1ZX,SB A/C 567890123456,AXIS0005678,PMEGP,Delta Infra Solutions,"52, IT Park, Gurugram, HR - 122001",delta.infra@gmail.com,0124-567890,GSTIN06BBBC5679Y1ZX,129900,18,0,0,23382.0,153282.0,Net 15 Days,Courier,TN61AB1750,EWB90953027,N/A,21-06-2024,Gurugram
BILL-2025-0109,06-02-2025,23-03-2025,Suresh Engineering Works,"67, MG Road, Bengaluru, KA - 560001",UDYAM-KA-18-0067890,suresh.eng@gmail.com,9734512345,Medium,Manufacturing,LLP,GSTIN29AABCP5678U1ZX,SB A/C 567890123456,AXIS0005678,CGTMSE,Delta Infra Solutions,"52, IT Park, Gurugram, HR - 122001",delta.infra@gmail.com,0124-567890,GSTIN06BBBC5679Y1ZX,236000,5,0,0,11800.0,247800.0,Net 45 Days,Air,TN76AB5695,EWB92231181,PO-8229,24-02-2025,Gurugram
TAX-2024-0110,15-07-2025,29-08-2025,Meena Handicrafts,"56, Handicraft Zone, Jaipur, RJ - 302001",UDYAM-RJ-08-0033456,meena.craft@gmail.com,9845678901,Micro,Manufacturing,Partnership,GSTIN08AABCP1234A2ZX,SB A/C 123456780123,RBIS0011234,None,Greenleaf Agro Traders,"71, Agro Complex, Nashik, MH - 422001",greenleaf.agro@gmail.com,0253-1234567,GSTIN27BBBC1235U1ZX,136700,5,0,0,6835.0,143535.0,Net 45 Days,Courier,TN99AB5946,EWB77364922,PO-3249,21-07-2025,Nashik
INV-2025-0111,14-08-2024,13-09-2024,Ganesh Rubber Products,"77, Rubber Park, Kottayam, KL - 686001",UDYAM-KL-06-0077890,ganesh.rubber@gmail.com,9734012345,Small,Manufacturing,Proprietorship,GSTIN32AABCP5678E2ZX,SB A/C 567890124567,FDRL0015678,Udyog Aadhaar,Apex Manufacturing Co.,"77, Industrial Hub, Nagpur, MH - 440018",apex.mfg@gmail.com,0712-7890123,GSTIN27BBBC8901R1ZX,236000,5,0,0,11800.0,247800.0,50% Advance + 50% on Delivery,Rail,TN76AB9895,EWB80044101,N/A,17-08-2024,Nagpur
TAX-2022-0112,23-02-2022,25-03-2022,Lakshmi Plastics Industries,"23, Anna Salai, Chennai, TN - 600002",UDYAM-TN-04-0056789,lakshmiplastics@gmail.com,9745612345,Small,Manufacturing,Partnership,GSTIN33AABCP4567T1ZX,SB A/C 456789012345,ICIC0004567,TReDS,Bharat Industrial Supply,"33, GIDC Estate, Ahmedabad, GJ - 380024",purchase@bharatind.com,079-45678901,GSTIN24BBBC5678O1ZX,73100,5,0,0,3655.0,76755.0,Net 30 Days,Rail,TN54AB6029,N/A,N/A,11-03-2022,Ahmedabad
INV-2025-0113,07-11-2023,07-11-2023,Mohan Leather Works,"21, Leather District, Kanpur, UP - 208001",UDYAM-UP-09-0099012,mohan.leather@gmail.com,9856234567,Micro,Manufacturing,Proprietorship,GSTIN09AABCP7890G2ZX,SB A/C 789012346789,ALLA0017890,PMEGP,Kalyan Exports,"44, Harbour Road, Chennai, TN - 600001",kalyan.exports@gmail.com,044-89012345,GSTIN33BBBC9012S1ZX,176800,18,0,0,31824.0,208624.0,Immediate,Own Vehicle,TN21AB2949,EWB42658401,PO-8523,26-11-2023,Chennai
TAX-2024-0114,09-09-2024,09-09-2024,Sree Ceramics,"60, Pottery Lane, Khurja, UP - 203131",UDYAM-UP-40-0010123,sree.ceramics@gmail.com,9745345678,Small,Manufacturing,Partnership,GSTIN09AABCP8901H2ZX,SB A/C 890123457890,BKID0018901,Udyog Aadhaar,Delta Infra Solutions,"52, IT Park, Gurugram, HR - 122001",delta.infra@gmail.com,0124-567890,GSTIN06BBBC5679Y1ZX,176800,18,0,0,31824.0,208624.0,Immediate,Courier,N/A,N/A,PO-3258,14-09-2024,Gurugram
TXN-2024-0115,12-03-2025,11-04-2025,Ramesh Agro Products,"88, Krishnapur Road, Hyderabad, TS - 500032",UDYAM-TS-09-0045678,ramesh.agro@yahoo.com,9812345678,Micro,Trading,LLP,GSTIN36AABCP3456S1ZX,SB A/C 345678901234,HDFC0003456,PMEGP,FreshMart Supermarkets,"88, Ring Road, Delhi, DL - 110044",supply@freshmart.in,011-34567890,GSTIN07BBBC4567N1ZX,122250,18,0,0,22005.0,144255.0,50% Advance + 50% on Delivery,Courier,TN20AB3240,EWB22545070,N/A,26-03-2025,Delhi
TXN-2022-0116,17-09-2023,17-10-2023,Ganesh Rubber Products,"77, Rubber Park, Kottayam, KL - 686001",UDYAM-KL-06-0077890,ganesh.rubber@gmail.com,9734012345,Small,Manufacturing,Private Limited,GSTIN32AABCP5678E2ZX,SB A/C 567890124567,FDRL0015678,MUDRA Loan,Delta Infra Solutions,"52, IT Park, Gurugram, HR - 122001",delta.infra@gmail.com,0124-567890,GSTIN06BBBC5679Y1ZX,73100,12,0,0,8772.0,81872.0,50% Advance + 50% on Delivery,Road,N/A,EWB69441620,PO-7181,04-10-2023,Gurugram
MSME-2022-0117,16-06-2023,16-06-2023,Balaji Food Industries,"34, SIDCO Industrial Area, Tirunelveli, TN-627002",UDYAM-TN-29-0089012,balaji.food@gmail.com,9856234567,Small,Manufacturing,Cooperative,GSTIN33AABCP7890W1ZX,SB A/C 789012345678,CNRB0007890,Udyog Aadhaar,Mega-Retail Corp,"100, Business Park, Mumbai, MH - 400001",contact@megaretail.com,022-45678901,GSTIN27BBBC1234K1ZX,97250,5,0,0,4862.5,102112.5,Immediate,Rail,TN99AB7605,EWB78753551,PO-3000,06-07-2023,Mumbai
BILL-2023-0118,24-09-2024,24-10-2024,Mohan Leather Works,"21, Leather District, Kanpur, UP - 208001",UDYAM-UP-09-0099012,mohan.leather@gmail.com,9856234567,Micro,Manufacturing,LLP,GSTIN09AABCP7890G2ZX,SB A/C 789012346789,ALLA0017890,Udyog Aadhaar,TechnoTrade Solutions,"55, Cyber Tower, Hyderabad, TS - 500081",procurement@technotrade.in,040-67890123,GSTIN36BBBC2345L1ZX,129900,18,0,0,23382.0,153282.0,50% Advance + 50% on Delivery,Own Vehicle,TN77AB9512,EWB78695741,N/A,10-10-2024,Hyderabad
INV-2022-0119,01-08-2025,01-08-2025,Lakshmi Plastics Industries,"23, Anna Salai, Chennai, TN - 600002",UDYAM-TN-04-0056789,lakshmiplastics@gmail.com,9745612345,Small,Manufacturing,LLP,GSTIN33AABCP4567T1ZX,SB A/C 456789012345,ICIC0004567,MUDRA Loan,National Distributors Ltd,"22, Commercial Street, Bengaluru, KA-560027",orders@nationaldist.com,080-23456789,GSTIN29BBBC3456M1ZX,97250,5,0,0,4862.5,102112.5,Immediate,Air,N/A,N/A,N/A,08-08-2025,Bengaluru
TXN-2025-0120,21-11-2023,21-11-2023,Mani Fabricators,"90, Phase 2, Ludhiana, PB - 141003",UDYAM-PB-03-0090123,mani.fab@gmail.com,9745345678,Micro,Manufacturing,Private Limited,GSTIN03AABCP8901X1ZX,SB A/C 890123456789,PUNB0008901,PMEGP,TechnoTrade Solutions,"55, Cyber Tower, Hyderabad, TS - 500081",procurement@technotrade.in,040-67890123,GSTIN36BBBC2345L1ZX,122250,18,0,0,22005.0,144255.0,Immediate,Courier,TN54AB7977,N/A,PO-3430,03-12-2023,Hyderabad
TAX-2024-0121,29-10-2023,28-11-2023,Karthik Electronics,"78, Electronics City, Chennai, TN - 600119",UDYAM-TN-22-0022345,karthik.elec@gmail.com,9867567890,Small,Manufacturing,Partnership,GSTIN33AABCP0123Z1ZX,SB A/C 012345678901,KKBK0010123,TReDS,TechnoTrade Solutions,"55, Cyber Tower, Hyderabad, TS - 500081",procurement@technotrade.in,040-67890123,GSTIN36BBBC2345L1ZX,236000,18,0,0,42480.0,278480.0,Net 30 Days,Own Vehicle,TN63AB5807,EWB95679629,PO-6192,17-11-2023,Hyderabad
BILL-2022-0122,29-11-2022,29-12-2022,Ganesh Rubber Products,"77, Rubber Park, Kottayam, KL - 686001",UDYAM-KL-06-0077890,ganesh.rubber@gmail.com,9734012345,Small,Manufacturing,Proprietorship,GSTIN32AABCP5678E2ZX,SB A/C 567890124567,FDRL0015678,CGTMSE,Delta Infra Solutions,"52, IT Park, Gurugram, HR - 122001",delta.infra@gmail.com,0124-567890,GSTIN06BBBC5679Y1ZX,96200,18,0,0,17316.0,113516.0,50% Advance + 50% on Delivery,Rail,TN35AB6892,EWB90667050,PO-2186,19-12-2022,Gurugram
BILL-2025-0123,06-06-2022,06-07-2022,Ravi Chemicals,"99, Chemical Park, Vadodara, GJ - 390007",UDYAM-GJ-10-0044567,ravi.chem@outlook.com,9823789012,Medium,Manufacturing,Partnership,GSTIN24AABCP2345B2ZX,SB A/C 234567891234,SBIN0012345,CGTMSE,DeepSea Trading,"28, Port Area, Kochi, KL - 682001",deepsea.trading@gmail.com,0484-9012345,GSTIN32BBBC0123T1ZX,73100,12,0,0,8772.0,81872.0,Net 30 Days,Air,TN94AB1686,N/A,N/A,19-06-2022,Kochi
TAX-2022-0124,30-01-2024,15-03-2024,Ganesh Rubber Products,"77, Rubber Park, Kottayam, KL - 686001",UDYAM-KL-06-0077890,ganesh.rubber@gmail.com,9734012345,Small,Manufacturing,Partnership,GSTIN32AABCP5678E2ZX,SB A/C 567890124567,FDRL0015678,PMEGP,Mega-Retail Corp,"100, Business Park, Mumbai, MH - 400001",contact@megaretail.com,022-45678901,GSTIN27BBBC1234K1ZX,159500,12,0,0,19140.0,178640.0,Net 45 Days,Road,TN83AB2529,EWB23380866,PO-9146,17-02-2024,Mumbai
INV-2025-0125,10-02-2023,12-03-2023,Nithya Garments,"5, Textile Market, Surat, GJ - 395003",UDYAM-GJ-24-0078901,nithya.garments@gmail.com,9867123456,Micro,Manufacturing,Partnership,GSTIN24AABCP6789V1ZX,SB A/C 678901234567,BARB0006789,Udyog Aadhaar,Prime Builders India,"60, Sector 18, Noida, UP - 201301",procurement@primebuild.in,0120-6789012,GSTIN09BBBC7890Q1ZX,92100,18,0,0,16578.0,108678.0,Net 30 Days,Courier,N/A,N/A,N/A,25-02-2023,Noida
TXN-2025-0126,25-05-2024,24-06-2024,Anand Carpentry Works,"15, Furniture Nagar, Erode, TN - 638001",UDYAM-TN-11-0055678,anand.carpentry@gmail.com,9812890123,Micro,Manufacturing,Partnership,GSTIN33AABCP3456C2ZX,SB A/C 345678902345,IOB00013456,MUDRA Loan,Delta Infra Solutions,"52, IT Park, Gurugram, HR - 122001",delta.infra@gmail.com,0124-567890,GSTIN06BBBC5679Y1ZX,129900,5,0,0,6495.0,136395.0,Net 30 Days,Air,TN49AB6969,EWB56632725,N/A,11-06-2024,Gurugram
BILL-2025-0127,29-12-2023,12-02-2024,Priya Steel Works,"45, Industrial Estate, Pune, MH - 411019",UDYAM-MH-12-0034567,priya.steel@outlook.com,9823456789,Small,Manufacturing,Proprietorship,GSTIN27AABCP2345R1ZX,SB A/C 234567890123,PUNB0002345,TReDS,Greenleaf Agro Traders,"71, Agro Complex, Nashik, MH - 422001",greenleaf.agro@gmail.com,0253-1234567,GSTIN27BBBC1235U1ZX,21150,5,0,0,1057.5,22207.5,Net 45 Days,Air,TN20AB9875,N/A,PO-1632,01-01-2024,Nashik
BILL-2023-0128,04-05-2024,19-05-2024,Suresh Engineering Works,"67, MG Road, Bengaluru, KA - 560001",UDYAM-KA-18-0067890,suresh.eng@gmail.com,9734512345,Medium,Manufacturing,LLP,GSTIN29AABCP5678U1ZX,SB A/C 567890123456,AXIS0005678,TReDS,FreshMart Supermarkets,"88, Ring Road, Delhi, DL - 110044",supply@freshmart.in,011-34567890,GSTIN07BBBC4567N1ZX,58000,18,0,0,10440.0,68440.0,Net 15 Days,Courier,TN90AB9839,N/A,PO-9897,24-05-2024,Delhi
INV-2025-0129,09-02-2023,24-02-2023,Ramesh Agro Products,"88, Krishnapur Road, Hyderabad, TS - 500032",UDYAM-TS-09-0045678,ramesh.agro@yahoo.com,9812345678,Micro,Trading,LLP,GSTIN36AABCP3456S1ZX,SB A/C 345678901234,HDFC0003456,Udyog Aadhaar,Prime Builders India,"60, Sector 18, Noida, UP - 201301",procurement@primebuild.in,0120-6789012,GSTIN09BBBC7890Q1ZX,154100,12,0,0,18492.0,172592.0,Net 15 Days,Own Vehicle,TN41AB3704,EWB37263038,N/A,16-02-2023,Noida
MSME-2022-0130,06-05-2022,05-06-2022,Kavya Pharmaceuticals,"33, Pharma Park, Ahmedabad, GJ - 380054",UDYAM-GJ-01-0088901,kavya.pharma@gmail.com,9867123456,Medium,Manufacturing,LLP,GSTIN24AABCP6789F2ZX,SB A/C 678901235678,HDFC0016789,None,TechnoTrade Solutions,"55, Cyber Tower, Hyderabad, TS - 500081",procurement@technotrade.in,040-67890123,GSTIN36BBBC2345L1ZX,129900,5,0,0,6495.0,136395.0,Net 30 Days,Air,N/A,N/A,PO-9351,16-05-2022,Hyderabad
BILL-2024-0131,10-02-2023,10-02-2023,Anand Carpentry Works,"15, Furniture Nagar, Erode, TN - 638001",UDYAM-TN-11-0055678,anand.carpentry@gmail.com,9812890123,Micro,Manufacturing,LLP,GSTIN33AABCP3456C2ZX,SB A/C 345678902345,IOB00013456,TReDS,Prime Builders India,"60, Sector 18, Noida, UP - 201301",procurement@primebuild.in,0120-6789012,GSTIN09BBBC7890Q1ZX,176800,18,0,0,31824.0,208624.0,Immediate,Own Vehicle,TN43AB9837,EWB92760291,PO-9119,25-02-2023,Noida
TXN-2022-0132,03-09-2024,03-10-2024,Arjun Textiles Pvt Ltd,"12, Gandhi Nagar, Coimbatore, TN - 641001",UDYAM-TN-07-0012345,arjun.textiles@gmail.com,9876543210,Micro,Manufacturing,Proprietorship,GSTIN33AABCP1234Q1ZX,SB A/C 123456789012,SBIN0001234,CGTMSE,Greenleaf Agro Traders,"71, Agro Complex, Nashik, MH - 422001",greenleaf.agro@gmail.com,0253-1234567,GSTIN27BBBC1235U1ZX,236000,12,0,0,28320.0,264320.0,Net 30 Days,Courier,N/A,EWB11915977,PO-2663,13-09-2024,Nashik
TAX-2025-0133,11-11-2025,11-11-2025,Meena Handicrafts,"56, Handicraft Zone, Jaipur, RJ - 302001",UDYAM-RJ-08-0033456,meena.craft@gmail.com,9845678901,Micro,Manufacturing,Partnership,GSTIN08AABCP1234A2ZX,SB A/C 123456780123,RBIS0011234,PMEGP,FreshMart Supermarkets,"88, Ring Road, Delhi, DL - 110044",supply@freshmart.in,011-34567890,GSTIN07BBBC4567N1ZX,58000,12,0,0,6960.0,64960.0,Immediate,Road,TN42AB8591,EWB94513975,PO-5678,25-11-2025,Delhi
INV-2025-0134,11-07-2025,10-08-2025,Anand Carpentry Works,"15, Furniture Nagar, Erode, TN - 638001",UDYAM-TN-11-0055678,anand.carpentry@gmail.com,9812890123,Micro,Manufacturing,Proprietorship,GSTIN33AABCP3456C2ZX,SB A/C 345678902345,IOB00013456,None,Sunrise Wholesalers,"15, Market Road, Kolkata, WB - 700013",sunrise.ws@gmail.com,033-56789012,GSTIN19BBBC6789P1ZX,97250,12,0,0,11670.0,108920.0,Net 30 Days,Own Vehicle,TN77AB2912,N/A,PO-4811,30-07-2025,Kolkata
MSME-2022-0135,20-12-2024,20-12-2024,Suresh Engineering Works,"67, MG Road, Bengaluru, KA - 560001",UDYAM-KA-18-0067890,suresh.eng@gmail.com,9734512345,Medium,Manufacturing,Private Limited,GSTIN29AABCP5678U1ZX,SB A/C 567890123456,AXIS0005678,MUDRA Loan,National Distributors Ltd,"22, Commercial Street, Bengaluru, KA-560027",orders@nationaldist.com,080-23456789,GSTIN29BBBC3456M1ZX,21150,18,0,0,3807.0,24957.0,Immediate,Road,TN94AB8537,N/A,N/A,01-01-2025,Bengaluru
BILL-2023-0136,12-10-2024,11-11-2024,Priya Steel Works,"45, Industrial Estate, Pune, MH - 411019",UDYAM-MH-12-0034567,priya.steel@outlook.com,9823456789,Small,Manufacturing,Proprietorship,GSTIN27AABCP2345R1ZX,SB A/C 234567890123,PUNB0002345,Udyog Aadhaar,Coastal Commodities,"7, Harbour Lane, Mangaluru, KA - 575001",coastal.comm@gmail.com,0824-456789,GSTIN29BBBC4568X1ZX,236000,12,0,0,28320.0,264320.0,50% Advance + 50% on Delivery,Courier,TN98AB4904,N/A,PO-4067,21-10-2024,Mangaluru
INV-2024-0137,15-07-2024,29-08-2024,Suresh Engineering Works,"67, MG Road, Bengaluru, KA - 560001",UDYAM-KA-18-0067890,suresh.eng@gmail.com,9734512345,Medium,Manufacturing,Cooperative,GSTIN29AABCP5678U1ZX,SB A/C 567890123456,AXIS0005678,None,Bharat Industrial Supply,"33, GIDC Estate, Ahmedabad, GJ - 380024",purchase@bharatind.com,079-45678901,GSTIN24BBBC5678O1ZX,122250,12,0,0,14670.0,136920.0,Net 45 Days,Road,TN65AB3190,N/A,PO-8708,31-07-2024,Ahmedabad
BILL-2025-0138,21-09-2025,06-10-2025,Ramesh Agro Products,"88, Krishnapur Road, Hyderabad, TS - 500032",UDYAM-TS-09-0045678,ramesh.agro@yahoo.com,9812345678,Micro,Trading,Cooperative,GSTIN36AABCP3456S1ZX,SB A/C 345678901234,HDFC0003456,TReDS,Mega-Retail Corp,"100, Business Park, Mumbai, MH - 400001",contact@megaretail.com,022-45678901,GSTIN27BBBC1234K1ZX,129900,18,0,0,23382.0,153282.0,Net 15 Days,Rail,N/A,EWB94290583,PO-6739,02-10-2025,Mumbai
TXN-2022-0139,12-06-2025,12-06-2025,Karthik Electronics,"78, Electronics City, Chennai, TN - 600119",UDYAM-TN-22-0022345,karthik.elec@gmail.com,9867567890,Small,Manufacturing,Proprietorship,GSTIN33AABCP0123Z1ZX,SB A/C 012345678901,KKBK0010123,None,Delta Infra Solutions,"52, IT Park, Gurugram, HR - 122001",delta.infra@gmail.com,0124-567890,GSTIN06BBBC5679Y1ZX,159500,12,0,0,19140.0,178640.0,Immediate,Road,TN10AB7573,N/A,N/A,28-06-2025,Gurugram
BILL-2022-0140,26-01-2024,26-01-2024,Vijay Auto Parts,"11, Auto Nagar, Vijayawada, AP - 520007",UDYAM-AP-19-0011234,vijayautoparts@gmail.com,9734456789,Small,Trading,Proprietorship,GSTIN37AABCP9012Y1ZX,SB A/C 901234567890,ANDBA009012,PMEGP,Kalyan Exports,"44, Harbour Road, Chennai, TN - 600001",kalyan.exports@gmail.com,044-89012345,GSTIN33BBBC9012S1ZX,129900,18,0,0,23382.0,153282.0,Immediate,Rail,N/A,N/A,PO-2204,02-02-2024,Chennai
TXN-2023-0141,19-12-2025,03-01-2026,Kavya Pharmaceuticals,"33, Pharma Park, Ahmedabad, GJ - 380054",UDYAM-GJ-01-0088901,kavya.pharma@gmail.com,9867123456,Medium,Manufacturing,Proprietorship,GSTIN24AABCP6789F2ZX,SB A/C 678901235678,HDFC0016789,CGTMSE,Skyline Retailers,"19, MG Road, Pune, MH - 411001",skyline.retail@gmail.com,020-3456789,GSTIN27BBBC3457W1ZX,176800,12,0,0,21216.0,198016.0,Net 15 Days,Rail,N/A,EWB68824142,PO-4705,01-01-2026,Pune
TXN-2025-0142,13-07-2025,12-08-2025,Suresh Engineering Works,"67, MG Road, Bengaluru, KA - 560001",UDYAM-KA-18-0067890,suresh.eng@gmail.com,9734512345,Medium,Manufacturing,LLP,GSTIN29AABCP5678U1ZX,SB A/C 567890123456,AXIS0005678,PMEGP,Apex Manufacturing Co.,"77, Industrial Hub, Nagpur, MH - 440018",apex.mfg@gmail.com,0712-7890123,GSTIN27BBBC8901R1ZX,92100,12,0,0,11052.0,103152.0,Net 30 Days,Air,TN32AB4926,N/A,PO-5469,22-07-2025,Nagpur
TAX-2023-0143,12-04-2023,27-05-2023,Ravi Chemicals,"99, Chemical Park, Vadodara, GJ - 390007",UDYAM-GJ-10-0044567,ravi.chem@outlook.com,9823789012,Medium,Manufacturing,Proprietorship,GSTIN24AABCP2345B2ZX,SB A/C 234567891234,SBIN0012345,None,Apex Manufacturing Co.,"77, Industrial Hub, Nagpur, MH - 440018",apex.mfg@gmail.com,0712-7890123,GSTIN27BBBC8901R1ZX,129900,5,0,0,6495.0,136395.0,Net 45 Days,Courier,TN24AB3945,N/A,PO-3758,22-04-2023,Nagpur
TXN-2022-0144,10-06-2024,25-06-2024,Ramesh Agro Products,"88, Krishnapur Road, Hyderabad, TS - 500032",UDYAM-TS-09-0045678,ramesh.agro@yahoo.com,9812345678,Micro,Trading,Proprietorship,GSTIN36AABCP3456S1ZX,SB A/C 345678901234,HDFC0003456,TReDS,Coastal Commodities,"7, Harbour Lane, Mangaluru, KA - 575001",coastal.comm@gmail.com,0824-456789,GSTIN29BBBC4568X1ZX,58000,12,0,0,6960.0,64960.0,Net 15 Days,Air,TN23AB1373,EWB11882622,PO-1280,23-06-2024,Mangaluru
BILL-2025-0145,20-01-2025,06-03-2025,Sree Ceramics,"60, Pottery Lane, Khurja, UP - 203131",UDYAM-UP-40-0010123,sree.ceramics@gmail.com,9745345678,Small,Manufacturing,LLP,GSTIN09AABCP8901H2ZX,SB A/C 890123457890,BKID0018901,MUDRA Loan,National Distributors Ltd,"22, Commercial Street, Bengaluru, KA-560027",orders@nationaldist.com,080-23456789,GSTIN29BBBC3456M1ZX,154100,18,0,0,27738.0,181838.0,Net 45 Days,Rail,N/A,EWB90419019,PO-5204,29-01-2025,Bengaluru
TXN-2024-0146,23-08-2024,22-09-2024,Kavya Pharmaceuticals,"33, Pharma Park, Ahmedabad, GJ - 380054",UDYAM-GJ-01-0088901,kavya.pharma@gmail.com,9867123456,Medium,Manufacturing,Cooperative,GSTIN24AABCP6789F2ZX,SB A/C 678901235678,HDFC0016789,MUDRA Loan,FreshMart Supermarkets,"88, Ring Road, Delhi, DL - 110044",supply@freshmart.in,011-34567890,GSTIN07BBBC4567N1ZX,58000,12,0,0,6960.0,64960.0,Net 30 Days,Own Vehicle,N/A,EWB44497370,N/A,08-09-2024,Delhi
INV-2023-0147,31-08-2023,30-09-2023,Meena Handicrafts,"56, Handicraft Zone, Jaipur, RJ - 302001",UDYAM-RJ-08-0033456,meena.craft@gmail.com,9845678901,Micro,Manufacturing,Partnership,GSTIN08AABCP1234A2ZX,SB A/C 123456780123,RBIS0011234,PMEGP,Kalyan Exports,"44, Harbour Road, Chennai, TN - 600001",kalyan.exports@gmail.com,044-89012345,GSTIN33BBBC9012S1ZX,159500,12,0,0,19140.0,178640.0,Net 30 Days,Own Vehicle,TN86AB4382,EWB42834316,PO-7225,20-09-2023,Chennai
TXN-2022-0148,03-07-2025,18-07-2025,Nithya Garments,"5, Textile Market, Surat, GJ - 395003",UDYAM-GJ-24-0078901,nithya.garments@gmail.com,9867123456,Micro,Manufacturing,Private Limited,GSTIN24AABCP6789V1ZX,SB A/C 678901234567,BARB0006789,TReDS,National Distributors Ltd,"22, Commercial Street, Bengaluru, KA-560027",orders@nationaldist.com,080-23456789,GSTIN29BBBC3456M1ZX,129900,12,0,0,15588.0,145488.0,Net 15 Days,Road,N/A,EWB74915773,PO-6387,20-07-2025,Bengaluru
INV-2023-0149,14-02-2022,14-02-2022,Vijay Auto Parts,"11, Auto Nagar, Vijayawada, AP - 520007",UDYAM-AP-19-0011234,vijayautoparts@gmail.com,9734456789,Small,Trading,LLP,GSTIN37AABCP9012Y1ZX,SB A/C 901234567890,ANDBA009012,None,Greenleaf Agro Traders,"71, Agro Complex, Nashik, MH - 422001",greenleaf.agro@gmail.com,0253-1234567,GSTIN27BBBC1235U1ZX,154100,18,0,0,27738.0,181838.0,Immediate,Air,TN76AB5520,EWB50531128,PO-3760,23-02-2022,Nashik
TXN-2023-0150,04-10-2025,03-11-2025,Suresh Engineering Works,"67, MG Road, Bengaluru, KA - 560001",UDYAM-KA-18-0067890,suresh.eng@gmail.com,9734512345,Medium,Manufacturing,Cooperative,GSTIN29AABCP5678U1ZX,SB A/C 567890123456,AXIS0005678,MUDRA Loan,Coastal Commodities,"7, Harbour Lane, Mangaluru, KA - 575001",coastal.comm@gmail.com,0824-456789,GSTIN29BBBC4568X1ZX,236000,18,0,0,42480.0,278480.0,50% Advance + 50% on Delivery,Own Vehicle,TN59AB4676,N/A,PO-3696,22-10-2025,Mangaluru
